SubjectIdIndex,NumWrong,NumTimeout,username,ServerTime,NumCorrect,TeamArrival,TeamCorrect,TeamDamage,TeamTotal,SI_Index,SI_DM_Index,SI_Role,SubjectId,reschuRun
437,1,1,Nav       ,2024-07-01 14:05:58.793,4,8,4,8,4,437,163,Nav                                               ,5,0
438,0,0,Pilot     ,2024-07-01 14:05:58.810,0,8,4,8,4,438,163,Pilot                                             ,6,0
440,0,1,Nav       ,2024-07-01 14:14:37.620,6,7,6,2,11,440,164,Nav                                               ,5,1
441,0,0,Pilot     ,2024-07-01 14:14:37.633,0,7,6,2,11,441,164,Pilot                                             ,6,1
443,0,3,Nav       ,2024-07-01 14:21:49.987,9,14,9,0,23,443,165,Nav                                               ,5,2
444,0,0,Pilot     ,2024-07-01 14:21:50.000,0,14,9,0,23,444,165,Pilot                                             ,6,2
446,1,3,Nav       ,2024-07-01 14:32:33.563,8,13,8,0,21,446,166,Nav                                               ,5,3
447,0,0,Pilot     ,2024-07-01 14:32:33.583,0,13,8,0,21,447,166,Pilot                                             ,6,3
449,1,1,Nav       ,2024-07-01 14:49:15.857,11,16,11,0,27,449,167,Nav                                               ,5,4
450,0,0,Pilot     ,2024-07-01 14:49:15.873,0,16,11,0,27,450,167,Pilot                                             ,6,4
452,1,1,Nav       ,2024-07-01 14:56:05.553,10,14,10,0,24,452,168,Nav                                               ,5,5
453,0,0,Pilot     ,2024-07-01 14:56:05.570,0,14,10,0,24,453,168,Pilot                                             ,6,5
455,1,1,Nav       ,2024-07-01 15:02:36.920,11,14,11,4,21,455,169,Nav                                               ,5,6
456,0,0,Pilot     ,2024-07-01 15:02:36.933,0,14,11,4,21,456,169,Pilot                                             ,6,6
458,2,1,Nav       ,2024-07-01 15:09:11.523,9,13,9,22,0,458,170,Nav                                               ,5,7
459,0,0,Pilot     ,2024-07-01 15:09:11.537,0,13,9,22,0,459,170,Pilot                                             ,6,7
491,3,2,Nav       ,2024-07-02 14:10:00.877,5,10,5,0,15,491,185,Nav                                               ,7,0
492,0,0,Pilot     ,2024-07-02 14:10:00.890,0,10,5,0,15,492,185,Pilot                                             ,8,0
494,3,2,Nav       ,2024-07-02 14:18:07.530,6,12,6,4,14,494,186,Nav                                               ,7,1
495,0,0,Pilot     ,2024-07-02 14:18:07.543,0,12,6,4,14,495,186,Pilot                                             ,8,1
497,5,2,Nav       ,2024-07-02 14:25:30.307,6,17,6,4,19,497,187,Nav                                               ,7,2
498,0,0,Pilot     ,2024-07-02 14:25:30.320,0,17,6,4,19,498,187,Pilot                                             ,8,2
500,5,2,Nav       ,2024-07-02 14:32:12.767,5,15,5,2,18,500,188,Nav                                               ,7,3
501,0,0,Pilot     ,2024-07-02 14:32:12.780,0,15,5,2,18,501,188,Pilot                                             ,8,3
503,0,1,Nav       ,2024-07-02 14:44:25.317,15,18,15,2,31,503,189,Nav                                               ,7,4
504,0,0,Pilot     ,2024-07-02 14:44:25.330,0,18,15,2,31,504,189,Pilot                                             ,8,4
506,1,1,Nav       ,2024-07-02 14:50:57.450,13,16,13,0,29,506,190,Nav                                               ,7,5
507,0,0,Pilot     ,2024-07-02 14:50:57.467,0,16,13,0,29,507,190,Pilot                                             ,8,5
509,2,1,Nav       ,2024-07-02 14:57:31.657,14,17,14,2,29,509,191,Nav                                               ,7,6
510,0,0,Pilot     ,2024-07-02 14:57:31.670,0,17,14,2,29,510,191,Pilot                                             ,8,6
512,2,0,Nav       ,2024-07-02 15:04:13.757,13,16,13,2,27,512,192,Nav                                               ,7,7
513,0,0,Pilot     ,2024-07-02 15:04:13.770,0,16,13,2,27,513,192,Pilot                                             ,8,7
518,2,2,Nav       ,2024-07-03 10:48:26.657,3,7,3,0,10,518,194,Nav                                               ,9,0
519,0,0,Pilot     ,2024-07-03 10:48:26.670,0,7,3,0,10,519,194,Pilot                                             ,10,0
521,1,0,Nav       ,2024-07-03 10:56:14.400,5,6,5,0,11,521,195,Nav                                               ,9,1
522,0,0,Pilot     ,2024-07-03 10:56:14.413,0,6,5,0,11,522,195,Pilot                                             ,10,1
524,1,1,Nav       ,2024-07-03 11:03:11.653,4,7,4,0,11,524,196,Nav                                               ,9,2
525,0,0,Pilot     ,2024-07-03 11:03:11.673,0,7,4,0,11,525,196,Pilot                                             ,10,2
527,0,3,Nav       ,2024-07-03 11:11:02.670,7,10,7,0,17,527,197,Nav                                               ,9,3
528,0,0,Pilot     ,2024-07-03 11:11:02.683,0,10,7,0,17,528,197,Pilot                                             ,10,3
530,1,1,Nav       ,2024-07-03 11:23:26.067,6,10,6,2,14,530,198,Nav                                               ,9,4
531,0,0,Pilot     ,2024-07-03 11:23:26.080,0,10,6,2,14,531,198,Pilot                                             ,10,4
533,1,0,Nav       ,2024-07-03 11:30:33.593,11,13,11,0,24,533,199,Nav                                               ,9,5
534,0,0,Pilot     ,2024-07-03 11:30:33.607,0,13,11,0,24,534,199,Pilot                                             ,10,5
536,0,2,Nav       ,2024-07-03 11:36:57.090,7,10,7,2,15,536,200,Nav                                               ,9,6
537,0,0,Pilot     ,2024-07-03 11:36:57.103,0,10,7,2,15,537,200,Pilot                                             ,10,6
539,0,0,Pilot     ,2024-07-03 11:44:16.390,0,10,7,0,17,539,201,Pilot                                             ,10,7
540,1,1,Nav       ,2024-07-03 11:44:16.403,7,10,7,0,17,540,201,Nav                                               ,9,7
592,3,0,Nav       ,2024-09-18 11:15:56.003,1,5,1,2,4,592,222,Nav                                               ,11,0
593,0,0,Pilot     ,2024-09-18 11:15:56.020,0,5,1,2,4,593,222,Pilot                                             ,12,0
595,3,2,Nav       ,2024-09-18 11:24:38.757,1,6,1,0,7,595,223,Nav                                               ,11,1
596,0,0,Pilot     ,2024-09-18 11:24:38.770,0,6,1,0,7,596,223,Pilot                                             ,12,1
598,0,0,Nav       ,2024-09-18 11:32:09.290,0,6,0,0,6,598,224,Nav                                               ,11,2
599,0,0,Pilot     ,2024-09-18 11:32:09.303,0,6,0,0,6,599,224,Pilot                                             ,12,2
601,0,2,Nav       ,2024-09-18 11:38:47.630,3,7,3,0,10,601,225,Nav                                               ,11,3
602,0,1,Pilot     ,2024-09-18 11:38:47.653,0,7,3,0,10,602,225,Pilot                                             ,12,3
607,0,0,Pilot     ,2024-09-18 11:55:04.610,0,6,0,2,4,607,227,Pilot                                             ,12,4
608,1,2,Nav       ,2024-09-18 11:55:04.623,0,6,0,2,4,608,227,Nav                                               ,11,4
610,4,1,Nav       ,2024-09-18 12:01:46.013,1,10,1,2,9,610,228,Nav                                               ,11,5
611,0,0,Pilot     ,2024-09-18 12:01:46.030,0,10,1,2,9,611,228,Pilot                                             ,12,5
614,0,1,Pilot     ,2024-09-18 12:11:36.780,0,5,0,0,5,614,230,Pilot                                             ,12,6
615,2,1,Nav       ,2024-09-18 12:11:36.793,0,5,0,0,5,615,230,Nav                                               ,11,6
617,0,3,Nav       ,2024-09-18 12:18:10.510,1,6,1,0,7,617,231,Nav                                               ,11,7
618,0,0,Pilot     ,2024-09-18 12:18:10.523,0,6,1,0,7,618,231,Pilot                                             ,12,7
623,3,2,Nav       ,2024-09-19 10:23:18.910,1,6,1,2,5,623,233,Nav                                               ,13,0
624,0,0,Pilot     ,2024-09-19 10:23:18.927,0,6,1,2,5,624,233,Pilot                                             ,14,0
628,2,1,Nav       ,2024-09-19 10:37:42.230,3,7,3,2,8,628,235,Nav                                               ,13,1
629,0,0,Pilot     ,2024-09-19 10:37:42.243,0,7,3,2,8,629,235,Pilot                                             ,14,1
631,1,1,Nav       ,2024-09-19 10:45:23.877,5,8,5,0,13,631,236,Nav                                               ,13,2
632,0,0,Pilot     ,2024-09-19 10:45:23.893,0,8,5,0,13,632,236,Pilot                                             ,14,2
634,6,0,Nav       ,2024-09-19 10:52:30.787,2,8,2,2,8,634,237,Nav                                               ,13,3
635,0,0,Pilot     ,2024-09-19 10:52:30.800,0,8,2,2,8,635,237,Pilot                                             ,14,3
640,0,0,Pilot     ,2024-09-19 11:10:16.550,0,12,9,0,21,640,239,Pilot                                             ,14,4
641,1,0,Nav       ,2024-09-19 11:10:16.563,9,12,9,0,21,641,239,Nav                                               ,13,4
643,0,0,Nav       ,2024-09-19 11:17:09.077,6,10,6,4,12,643,240,Nav                                               ,13,5
644,0,0,Pilot     ,2024-09-19 11:17:09.093,0,10,6,4,12,644,240,Pilot                                             ,14,5
646,0,0,Nav       ,2024-09-19 11:23:45.313,7,8,7,2,13,646,241,Nav                                               ,13,6
647,0,0,Pilot     ,2024-09-19 11:23:45.327,0,8,7,2,13,647,241,Pilot                                             ,14,6
649,1,0,Nav       ,2024-09-19 11:30:26.237,8,9,8,0,17,649,242,Nav                                               ,13,7
650,0,0,Pilot     ,2024-09-19 11:30:26.247,0,9,8,0,17,650,242,Pilot                                             ,14,7
655,2,2,Nav       ,2024-09-19 14:24:46.423,3,8,3,0,11,655,244,Nav                                               ,15,0
656,0,0,Pilot     ,2024-09-19 14:24:46.437,0,8,3,0,11,656,244,Pilot                                             ,16,0
661,2,1,Nav       ,2024-09-19 14:41:45.123,7,10,7,0,17,661,247,Nav                                               ,15,1
662,0,0,Pilot     ,2024-09-19 14:41:45.140,0,10,7,0,17,662,247,Pilot                                             ,16,1
664,3,2,Nav       ,2024-09-19 14:49:03.847,6,12,6,0,18,664,248,Nav                                               ,15,2
665,0,0,Pilot     ,2024-09-19 14:49:03.860,0,12,6,0,18,665,248,Pilot                                             ,16,2
667,0,3,Nav       ,2024-09-19 14:57:00.963,8,11,8,0,19,667,249,Nav                                               ,15,3
668,0,0,Pilot     ,2024-09-19 14:57:00.977,0,11,8,0,19,668,249,Pilot                                             ,16,3
670,1,5,Nav       ,2024-09-19 15:08:53.190,5,14,5,0,19,670,250,Nav                                               ,15,4
671,0,0,Pilot     ,2024-09-19 15:08:53.203,0,14,5,0,19,671,250,Pilot                                             ,16,4
673,3,0,Nav       ,2024-09-19 15:15:45.240,7,12,7,0,19,673,251,Nav                                               ,15,5
674,0,0,Pilot     ,2024-09-19 15:15:45.253,0,12,7,0,19,674,251,Pilot                                             ,16,5
676,1,2,Nav       ,2024-09-19 15:22:33.333,9,14,9,2,21,676,252,Nav                                               ,15,6
677,0,0,Pilot     ,2024-09-19 15:22:33.347,0,14,9,2,21,677,252,Pilot                                             ,16,6
679,1,3,Nav       ,2024-09-19 15:28:57.323,6,12,6,0,18,679,253,Nav                                               ,15,7
680,0,0,Pilot     ,2024-09-19 15:28:57.337,0,12,6,0,18,680,253,Pilot                                             ,16,7
685,1,1,Nav       ,2024-09-24 10:14:36.067,7,10,7,2,15,685,255,Nav                                               ,17,0
686,0,0,Pilot     ,2024-09-24 10:14:36.080,0,10,7,2,15,686,255,Pilot                                             ,18,0
690,1,1,Nav       ,2024-09-24 10:26:25.153,9,11,9,0,20,690,257,Nav                                               ,17,1
691,0,0,Pilot     ,2024-09-24 10:26:25.167,0,11,9,0,20,691,257,Pilot                                             ,18,1
693,2,0,Nav       ,2024-09-24 10:33:59.883,7,10,7,0,17,693,258,Nav                                               ,17,2
694,0,0,Pilot     ,2024-09-24 10:33:59.897,0,10,7,0,17,694,258,Pilot                                             ,18,2
696,0,0,Pilot     ,2024-09-24 10:40:13.067,0,12,10,2,20,696,259,Pilot                                             ,18,3
697,0,1,Nav       ,2024-09-24 10:40:13.080,10,12,10,2,20,697,259,Nav                                               ,17,3
699,0,0,Nav       ,2024-09-24 10:52:21.457,9,11,9,0,20,699,260,Nav                                               ,17,4
700,1,0,Pilot     ,2024-09-24 10:52:21.470,0,11,9,0,20,700,260,Pilot                                             ,18,4
702,0,0,Pilot     ,2024-09-24 10:58:30.627,0,12,10,2,20,702,261,Pilot                                             ,18,5
703,1,1,Nav       ,2024-09-24 10:58:30.640,10,12,10,2,20,703,261,Nav                                               ,17,5
705,2,1,Nav       ,2024-09-24 11:05:17.480,10,14,10,0,24,705,262,Nav                                               ,17,6
706,0,0,Pilot     ,2024-09-24 11:05:17.493,0,14,10,0,24,706,262,Pilot                                             ,18,6
708,0,0,Pilot     ,2024-09-24 11:11:18.527,0,16,13,0,29,708,263,Pilot                                             ,18,7
709,1,1,Nav       ,2024-09-24 11:11:18.540,13,16,13,0,29,709,263,Nav                                               ,17,7
714,1,1,Nav       ,2024-09-24 14:12:35.187,4,8,4,0,12,714,265,Nav                                               ,19,0
715,0,0,Pilot     ,2024-09-24 14:12:35.200,0,8,4,0,12,715,265,Pilot                                             ,20,0
720,0,0,Pilot     ,2024-09-24 14:24:45.233,0,10,7,4,13,720,267,Pilot                                             ,20,1
721,0,2,Nav       ,2024-09-24 14:24:45.250,7,10,7,4,13,721,267,Nav                                               ,19,1
723,1,2,Nav       ,2024-09-24 14:31:37.363,5,8,5,2,11,723,268,Nav                                               ,19,2
724,0,0,Pilot     ,2024-09-24 14:31:37.380,0,8,5,2,11,724,268,Pilot                                             ,20,2
726,1,2,Nav       ,2024-09-24 14:38:35.417,7,11,7,0,18,726,269,Nav                                               ,19,3
727,0,0,Pilot     ,2024-09-24 14:38:35.430,0,11,7,0,18,727,269,Pilot                                             ,20,3
729,2,0,Nav       ,2024-09-24 14:50:30.897,7,13,7,0,20,729,270,Nav                                               ,19,4
730,0,0,Pilot     ,2024-09-24 14:50:30.910,0,13,7,0,20,730,270,Pilot                                             ,20,4
732,0,0,Pilot     ,2024-09-24 14:58:29.470,0,12,9,0,21,732,271,Pilot                                             ,20,5
733,0,2,Nav       ,2024-09-24 14:58:29.483,9,12,9,0,21,733,271,Nav                                               ,19,5
735,2,1,Nav       ,2024-09-24 15:04:46.663,9,13,9,0,22,735,272,Nav                                               ,19,6
736,0,0,Pilot     ,2024-09-24 15:04:46.677,0,13,9,0,22,736,272,Pilot                                             ,20,6
738,0,0,Pilot     ,2024-09-24 15:11:14.370,0,11,9,0,20,738,273,Pilot                                             ,20,7
739,2,0,Nav       ,2024-09-24 15:11:14.383,9,11,9,0,20,739,273,Nav                                               ,19,7
765,1,1,Nav       ,2024-09-25 14:16:08.333,5,7,5,0,12,765,282,Nav                                               ,21,0
766,0,0,Pilot     ,2024-09-25 14:16:08.347,0,7,5,0,12,766,282,Pilot                                             ,22,0
768,3,1,Nav       ,2024-09-25 14:26:09.447,5,9,5,0,14,768,283,Nav                                               ,21,1
769,0,0,Pilot     ,2024-09-25 14:26:09.460,0,9,5,0,14,769,283,Pilot                                             ,22,1
771,2,1,Nav       ,2024-09-25 14:32:37.667,5,9,5,2,12,771,284,Nav                                               ,21,2
772,0,0,Pilot     ,2024-09-25 14:32:37.680,0,9,5,2,12,772,284,Pilot                                             ,22,2
774,1,2,Nav       ,2024-09-25 14:39:04.817,8,13,8,2,19,774,285,Nav                                               ,21,3
775,0,0,Pilot     ,2024-09-25 14:39:04.830,0,13,8,2,19,775,285,Pilot                                             ,22,3
777,1,0,Nav       ,2024-09-25 14:51:10.513,5,8,5,2,11,777,286,Nav                                               ,21,4
778,0,0,Pilot     ,2024-09-25 14:51:10.527,0,8,5,2,11,778,286,Pilot                                             ,22,4
780,2,2,Nav       ,2024-09-25 14:58:03.903,7,11,7,2,16,780,287,Nav                                               ,21,5
781,0,0,Pilot     ,2024-09-25 14:58:03.917,0,11,7,2,16,781,287,Pilot                                             ,22,5
783,0,5,Nav       ,2024-09-25 15:04:42.863,5,11,5,0,16,783,288,Nav                                               ,21,6
784,0,0,Pilot     ,2024-09-25 15:04:42.877,0,11,5,0,16,784,288,Pilot                                             ,22,6
786,3,0,Nav       ,2024-09-25 15:12:49.673,11,17,11,2,26,786,289,Nav                                               ,21,7
787,0,0,Pilot     ,2024-09-25 15:12:49.687,0,17,11,2,26,787,289,Pilot                                             ,22,7
792,0,0,Pilot     ,2024-09-26 10:25:42.280,0,6,1,2,5,792,291,Pilot                                             ,24,0
793,2,0,Nav       ,2024-09-26 10:25:42.297,1,6,1,2,5,793,291,Nav                                               ,23,0
795,5,2,Nav       ,2024-09-26 10:34:32.920,1,8,1,0,9,795,292,Nav                                               ,23,1
796,0,0,Pilot     ,2024-09-26 10:34:32.933,0,8,1,0,9,796,292,Pilot                                             ,24,1
798,2,1,Nav       ,2024-09-26 10:41:39.127,4,10,4,0,14,798,293,Nav                                               ,23,2
799,0,0,Pilot     ,2024-09-26 10:41:39.143,0,10,4,0,14,799,293,Pilot                                             ,24,2
801,0,2,Nav       ,2024-09-26 10:49:32.147,6,12,6,0,18,801,294,Nav                                               ,23,3
802,0,0,Pilot     ,2024-09-26 10:49:32.160,0,12,6,0,18,802,294,Pilot                                             ,24,3
804,4,1,Nav       ,2024-09-26 11:01:51.343,3,12,3,2,13,804,295,Nav                                               ,23,4
805,0,0,Pilot     ,2024-09-26 11:01:51.357,0,12,3,2,13,805,295,Pilot                                             ,24,4
807,4,1,Nav       ,2024-09-26 11:08:34.513,6,15,6,2,19,807,296,Nav                                               ,23,5
808,0,0,Pilot     ,2024-09-26 11:08:34.527,0,15,6,2,19,808,296,Pilot                                             ,24,5
810,7,0,Nav       ,2024-09-26 11:15:32.793,4,14,4,2,16,810,297,Nav                                               ,23,6
811,0,0,Pilot     ,2024-09-26 11:15:32.810,0,14,4,2,16,811,297,Pilot                                             ,24,6
813,6,1,Nav       ,2024-09-26 11:24:32.597,6,15,6,0,21,813,298,Nav                                               ,23,7
814,0,0,Pilot     ,2024-09-26 11:24:32.610,0,15,6,0,21,814,298,Pilot                                             ,24,7
819,1,2,Nav       ,2024-09-26 14:05:59.453,3,7,3,0,10,819,300,Nav                                               ,25,0
820,0,0,Pilot     ,2024-09-26 14:05:59.467,0,7,3,0,10,820,300,Pilot                                             ,26,0
822,0,1,Pilot     ,2024-09-26 14:13:34.107,0,5,1,0,6,822,301,Pilot                                             ,26,1
823,0,3,Nav       ,2024-09-26 14:13:34.120,1,5,1,0,6,823,301,Nav                                               ,25,1
825,0,1,Nav       ,2024-09-26 14:20:20.900,4,6,4,8,2,825,302,Nav                                               ,25,2
826,0,0,Pilot     ,2024-09-26 14:20:20.917,0,6,4,8,2,826,302,Pilot                                             ,26,2
828,1,0,Nav       ,2024-09-26 14:26:56.670,9,10,9,0,19,828,303,Nav                                               ,25,3
829,0,0,Pilot     ,2024-09-26 14:26:56.687,0,10,9,0,19,829,303,Pilot                                             ,26,3
831,0,1,Nav       ,2024-09-26 14:38:41.963,6,9,6,0,15,831,304,Nav                                               ,25,4
832,0,0,Pilot     ,2024-09-26 14:38:41.980,0,9,6,0,15,832,304,Pilot                                             ,26,4
834,0,0,Pilot     ,2024-09-26 14:45:13.257,2,12,11,0,23,834,305,Pilot                                             ,26,5
835,0,0,Nav       ,2024-09-26 14:45:13.270,9,12,11,0,23,835,305,Nav                                               ,25,5
837,0,0,Pilot     ,2024-09-26 14:51:43.350,0,8,8,0,16,837,306,Pilot                                             ,26,6
838,0,0,Nav       ,2024-09-26 14:51:43.360,8,8,8,0,16,838,306,Nav                                               ,25,6
840,1,0,Pilot     ,2024-09-26 15:00:42.807,2,10,5,0,15,840,307,Pilot                                             ,26,7
841,2,2,Nav       ,2024-09-26 15:00:42.820,3,10,5,0,15,841,307,Nav                                               ,25,7
850,0,0,Nav       ,2024-09-27 11:12:47.197,6,8,6,0,14,850,311,Nav                                               ,27,0
851,0,0,Pilot     ,2024-09-27 11:12:47.210,0,8,6,0,14,851,311,Pilot                                             ,28,0
856,1,3,Nav       ,2024-09-27 11:26:04.930,2,8,2,2,8,856,313,Nav                                               ,27,1
857,0,0,Pilot     ,2024-09-27 11:26:04.947,0,8,2,2,8,857,313,Pilot                                             ,28,1
859,1,1,Nav       ,2024-09-27 11:33:15.510,9,13,9,0,22,859,314,Nav                                               ,27,2
860,0,0,Pilot     ,2024-09-27 11:33:15.520,0,13,9,0,22,860,314,Pilot                                             ,28,2
862,1,0,Nav       ,2024-09-27 11:40:35.267,7,11,7,4,14,862,315,Nav                                               ,27,3
863,0,0,Pilot     ,2024-09-27 11:40:35.280,0,11,7,4,14,863,315,Pilot                                             ,28,3
865,2,0,Nav       ,2024-09-27 11:52:16.953,5,10,5,0,15,865,316,Nav                                               ,27,4
866,0,0,Pilot     ,2024-09-27 11:52:16.970,0,10,5,0,15,866,316,Pilot                                             ,28,4
868,1,1,Nav       ,2024-09-27 11:58:51.490,7,13,7,2,18,868,317,Nav                                               ,27,5
869,0,0,Pilot     ,2024-09-27 11:58:51.507,0,13,7,2,18,869,317,Pilot                                             ,28,5
871,1,1,Nav       ,2024-09-27 12:05:24.450,7,10,7,0,17,871,318,Nav                                               ,27,6
872,0,0,Pilot     ,2024-09-27 12:05:24.467,0,10,7,0,17,872,318,Pilot                                             ,28,6
874,1,2,Nav       ,2024-09-27 12:15:24.303,7,12,7,0,19,874,319,Nav                                               ,27,7
875,0,0,Pilot     ,2024-09-27 12:15:24.317,0,12,7,0,19,875,319,Pilot                                             ,28,7
880,2,3,Nav       ,2024-10-01 10:43:44.010,3,8,3,2,9,880,321,Nav                                               ,29,0
881,0,0,Pilot     ,2024-10-01 10:43:44.023,0,8,3,2,9,881,321,Pilot                                             ,30,0
883,1,3,Nav       ,2024-10-01 10:53:42.617,4,11,4,2,13,883,322,Nav                                               ,29,1
884,0,1,Pilot     ,2024-10-01 10:53:42.630,0,11,4,2,13,884,322,Pilot                                             ,30,1
886,2,1,Nav       ,2024-10-01 11:00:35.490,6,10,6,4,12,886,323,Nav                                               ,29,2
887,0,0,Pilot     ,2024-10-01 11:00:35.503,0,10,6,4,12,887,323,Pilot                                             ,30,2
889,3,0,Nav       ,2024-10-01 11:07:21.297,5,10,5,2,13,889,324,Nav                                               ,29,3
890,0,0,Pilot     ,2024-10-01 11:07:21.310,0,10,5,2,13,890,324,Pilot                                             ,30,3
892,2,0,Nav       ,2024-10-01 11:18:59.443,6,11,6,2,15,892,325,Nav                                               ,29,4
893,0,0,Pilot     ,2024-10-01 11:18:59.460,0,11,6,2,15,893,325,Pilot                                             ,30,4
895,2,2,Nav       ,2024-10-01 11:25:39.057,5,13,5,4,14,895,326,Nav                                               ,29,5
896,0,0,Pilot     ,2024-10-01 11:25:39.070,0,13,5,4,14,896,326,Pilot                                             ,30,5
898,1,0,Nav       ,2024-10-01 11:32:02.583,7,11,7,0,18,898,327,Nav                                               ,29,6
899,0,0,Pilot     ,2024-10-01 11:32:02.597,0,11,7,0,18,899,327,Pilot                                             ,30,6
901,3,1,Nav       ,2024-10-01 11:38:30.890,7,14,7,4,17,901,328,Nav                                               ,29,7
902,0,0,Pilot     ,2024-10-01 11:38:30.907,0,14,7,4,17,902,328,Pilot                                             ,30,7
907,0,0,Nav       ,2024-10-01 14:03:00.700,1,3,1,4,0,907,330,Nav                                               ,31,0
908,0,0,Pilot     ,2024-10-01 14:03:00.717,0,3,1,4,0,908,330,Pilot                                             ,32,0
910,0,1,Pilot     ,2024-10-01 14:10:42.993,0,4,0,0,4,910,331,Pilot                                             ,32,1
911,1,0,Nav       ,2024-10-01 14:10:43.010,0,4,0,0,4,911,331,Nav                                               ,31,1
913,0,3,Nav       ,2024-10-01 14:17:59.050,2,6,2,0,8,913,332,Nav                                               ,31,2
914,0,0,Pilot     ,2024-10-01 14:17:59.067,0,6,2,0,8,914,332,Pilot                                             ,32,2
916,2,1,Nav       ,2024-10-01 14:24:54.577,5,9,5,2,12,916,333,Nav                                               ,31,3
917,0,0,Pilot     ,2024-10-01 14:24:54.590,0,9,5,2,12,917,333,Pilot                                             ,32,3
922,2,1,Nav       ,2024-10-01 14:47:58.553,5,9,5,0,14,922,335,Nav                                               ,31,4
923,0,0,Pilot     ,2024-10-01 14:47:58.567,0,9,5,0,14,923,335,Pilot                                             ,32,4
925,0,0,Nav       ,2024-10-01 14:55:19.047,7,9,7,0,16,925,336,Nav                                               ,31,5
926,0,0,Pilot     ,2024-10-01 14:55:19.060,0,9,7,0,16,926,336,Pilot                                             ,32,5
928,1,1,Nav       ,2024-10-01 15:02:00.297,9,11,9,0,20,928,337,Nav                                               ,31,6
929,0,0,Pilot     ,2024-10-01 15:02:00.310,0,11,9,0,20,929,337,Pilot                                             ,32,6
931,1,2,Nav       ,2024-10-01 15:09:22.827,5,12,5,0,17,931,338,Nav                                               ,31,7
932,0,1,Pilot     ,2024-10-01 15:09:22.840,0,12,5,0,17,932,338,Pilot                                             ,32,7
937,2,2,Nav       ,2024-10-02 10:16:03.533,4,9,4,0,13,937,340,Nav                                               ,33,0
938,0,0,Pilot     ,2024-10-02 10:16:03.547,0,9,4,0,13,938,340,Pilot                                             ,34,0
940,2,1,Nav       ,2024-10-02 10:24:41.440,6,10,6,0,16,940,341,Nav                                               ,33,1
941,0,1,Pilot     ,2024-10-02 10:24:41.457,0,10,6,0,16,941,341,Pilot                                             ,34,1
943,0,1,Nav       ,2024-10-02 10:31:43.413,7,9,7,2,14,943,342,Nav                                               ,33,2
944,0,0,Pilot     ,2024-10-02 10:31:43.427,0,9,7,2,14,944,342,Pilot                                             ,34,2
946,0,0,Nav       ,2024-10-02 10:38:33.563,11,11,11,0,22,946,343,Nav                                               ,33,3
947,0,0,Pilot     ,2024-10-02 10:38:33.580,0,11,11,0,22,947,343,Pilot                                             ,34,3
949,0,1,Nav       ,2024-10-02 10:50:35.793,5,7,5,0,12,949,344,Nav                                               ,33,4
950,0,1,Pilot     ,2024-10-02 10:50:35.807,0,7,5,0,12,950,344,Pilot                                             ,34,4
952,1,0,Nav       ,2024-10-02 10:57:17.630,8,9,8,0,17,952,345,Nav                                               ,33,5
953,0,0,Pilot     ,2024-10-02 10:57:17.643,0,9,8,0,17,953,345,Pilot                                             ,34,5
955,3,1,Nav       ,2024-10-02 11:03:56.147,5,10,5,0,15,955,346,Nav                                               ,33,6
956,0,0,Pilot     ,2024-10-02 11:03:56.160,0,10,5,0,15,956,346,Pilot                                             ,34,6
958,1,0,Nav       ,2024-10-02 11:11:02.190,11,13,11,0,24,958,347,Nav                                               ,33,7
959,0,0,Pilot     ,2024-10-02 11:11:02.203,0,13,11,0,24,959,347,Pilot                                             ,34,7
964,2,2,Nav       ,2024-10-03 10:47:25.890,3,8,3,0,11,964,349,Nav                                               ,35,0
965,0,0,Pilot     ,2024-10-03 10:47:25.903,0,8,3,0,11,965,349,Pilot                                             ,36,0
967,1,0,Nav       ,2024-10-03 10:55:08.170,7,8,7,0,15,967,350,Nav                                               ,35,1
968,0,0,Pilot     ,2024-10-03 10:55:08.187,0,8,7,0,15,968,350,Pilot                                             ,36,1
970,1,0,Nav       ,2024-10-03 11:02:00.607,10,11,10,0,21,970,351,Nav                                               ,35,2
971,0,0,Pilot     ,2024-10-03 11:02:00.623,0,11,10,0,21,971,351,Pilot                                             ,36,2
973,2,1,Nav       ,2024-10-03 11:09:17.753,6,9,6,0,15,973,352,Nav                                               ,35,3
974,0,0,Pilot     ,2024-10-03 11:09:17.770,0,9,6,0,15,974,352,Pilot                                             ,36,3
976,1,1,Nav       ,2024-10-03 11:21:00.587,7,11,7,0,18,976,353,Nav                                               ,35,4
977,0,0,Pilot     ,2024-10-03 11:21:00.600,0,11,7,0,18,977,353,Pilot                                             ,36,4
979,2,0,Nav       ,2024-10-03 11:27:48.413,9,11,9,0,20,979,354,Nav                                               ,35,5
980,0,0,Pilot     ,2024-10-03 11:27:48.427,0,11,9,0,20,980,354,Pilot                                             ,36,5
982,2,2,Nav       ,2024-10-03 11:34:13.257,9,14,9,0,23,982,355,Nav                                               ,35,6
983,0,0,Pilot     ,2024-10-03 11:34:13.270,0,14,9,0,23,983,355,Pilot                                             ,36,6
985,1,0,Nav       ,2024-10-03 11:40:31.303,11,12,11,0,23,985,356,Nav                                               ,35,7
986,0,0,Pilot     ,2024-10-03 11:40:31.317,0,12,11,0,23,986,356,Pilot                                             ,36,7
992,0,2,Nav       ,2024-10-03 14:19:53.067,5,8,5,2,11,992,359,Nav                                               ,37,0
993,0,0,Pilot     ,2024-10-03 14:19:53.080,0,8,5,2,11,993,359,Pilot                                             ,38,0
995,0,0,Nav       ,2024-10-03 14:29:03.567,10,13,10,4,19,995,360,Nav                                               ,37,1
996,0,1,Pilot     ,2024-10-03 14:29:03.580,0,13,10,4,19,996,360,Pilot                                             ,38,1
998,2,0,Nav       ,2024-10-03 14:37:01.280,8,13,8,0,21,998,361,Nav                                               ,37,2
999,0,0,Pilot     ,2024-10-03 14:37:01.293,0,13,8,0,21,999,361,Pilot                                             ,38,2
1001,0,4,Nav       ,2024-10-03 14:44:26.213,5,12,5,0,17,1001,362,Nav                                               ,37,3
1002,0,3,Pilot     ,2024-10-03 14:44:26.227,0,12,5,0,17,1002,362,Pilot                                             ,38,3
1004,4,0,Nav       ,2024-10-03 14:57:39.463,6,14,6,0,20,1004,363,Nav                                               ,37,4
1005,1,1,Pilot     ,2024-10-03 14:57:39.477,0,14,6,0,20,1005,363,Pilot                                             ,38,4
1007,2,0,Nav       ,2024-10-03 15:07:06.437,8,12,8,2,18,1007,364,Nav                                               ,37,5
1008,0,0,Pilot     ,2024-10-03 15:07:06.450,0,12,8,2,18,1008,364,Pilot                                             ,38,5
1013,3,1,Nav       ,2024-10-03 15:19:03.960,10,15,10,0,25,1013,366,Nav                                               ,37,6
1014,0,0,Pilot     ,2024-10-03 15:19:03.973,0,15,10,0,25,1014,366,Pilot                                             ,38,6
1016,1,3,Nav       ,2024-10-03 15:26:06.417,9,16,9,0,25,1016,367,Nav                                               ,37,7
1017,0,0,Pilot     ,2024-10-03 15:26:06.430,0,16,9,0,25,1017,367,Pilot                                             ,38,7
1022,2,3,Nav       ,2024-10-04 10:48:06.833,2,7,2,0,9,1022,369,Nav                                               ,39,0
1023,0,0,Pilot     ,2024-10-04 10:48:06.850,0,7,2,0,9,1023,369,Pilot                                             ,40,0
1025,0,1,Nav       ,2024-10-04 10:56:28.663,5,7,5,0,12,1025,370,Nav                                               ,39,1
1026,0,0,Pilot     ,2024-10-04 10:56:28.677,0,7,5,0,12,1026,370,Pilot                                             ,40,1
1028,0,1,Nav       ,2024-10-04 11:04:13.763,6,9,6,0,15,1028,371,Nav                                               ,39,2
1029,0,0,Pilot     ,2024-10-04 11:04:13.777,0,9,6,0,15,1029,371,Pilot                                             ,40,2
1031,0,2,Nav       ,2024-10-04 11:11:00.170,7,13,7,0,20,1031,372,Nav                                               ,39,3
1032,0,0,Pilot     ,2024-10-04 11:11:00.183,0,13,7,0,20,1032,372,Pilot                                             ,40,3
1034,1,0,Nav       ,2024-10-04 11:22:48.140,8,13,8,0,21,1034,373,Nav                                               ,39,4
1035,0,0,Pilot     ,2024-10-04 11:22:48.153,0,13,8,0,21,1035,373,Pilot                                             ,40,4
1037,0,3,Nav       ,2024-10-04 11:29:17.963,3,9,3,6,6,1037,374,Nav                                               ,39,5
1038,0,0,Pilot     ,2024-10-04 11:29:17.977,0,9,3,6,6,1038,374,Pilot                                             ,40,5
1040,1,0,Nav       ,2024-10-04 11:36:02.957,10,14,10,0,24,1040,375,Nav                                               ,39,6
1041,0,0,Pilot     ,2024-10-04 11:36:02.970,0,14,10,0,24,1041,375,Pilot                                             ,40,6
1043,0,1,Nav       ,2024-10-04 11:44:50.987,6,10,6,2,14,1043,376,Nav                                               ,39,7
1044,0,0,Pilot     ,2024-10-04 11:44:51.000,0,10,6,2,14,1044,376,Pilot                                             ,40,7
1049,2,1,Nav       ,2024-10-08 10:06:11.907,2,5,2,2,5,1049,378,Nav                                               ,41,0
1050,0,0,Pilot     ,2024-10-08 10:06:11.920,0,5,2,2,5,1050,378,Pilot                                             ,42,0
1052,1,1,Nav       ,2024-10-08 10:14:07.407,4,6,4,4,6,1052,379,Nav                                               ,41,1
1053,0,0,Pilot     ,2024-10-08 10:14:07.420,0,6,4,4,6,1053,379,Pilot                                             ,42,1
1055,4,0,Nav       ,2024-10-08 10:21:01.130,4,8,4,2,10,1055,380,Nav                                               ,41,2
1056,0,0,Pilot     ,2024-10-08 10:21:01.150,0,8,4,2,10,1056,380,Pilot                                             ,42,2
1058,3,1,Nav       ,2024-10-08 10:27:47.040,4,8,4,0,12,1058,381,Nav                                               ,41,3
1059,0,0,Pilot     ,2024-10-08 10:27:47.057,0,8,4,0,12,1059,381,Pilot                                             ,42,3
1061,1,0,Nav       ,2024-10-08 10:40:09.180,6,7,6,0,13,1061,382,Nav                                               ,41,4
1062,0,0,Pilot     ,2024-10-08 10:40:09.193,0,7,6,0,13,1062,382,Pilot                                             ,42,4
1064,2,0,Nav       ,2024-10-08 10:46:56.323,5,7,5,0,12,1064,383,Nav                                               ,41,5
1065,0,0,Pilot     ,2024-10-08 10:46:56.340,0,7,5,0,12,1065,383,Pilot                                             ,42,5
1067,1,2,Nav       ,2024-10-08 10:53:29.550,5,10,6,0,16,1067,384,Nav                                               ,41,6
1068,0,0,Pilot     ,2024-10-08 10:53:29.563,1,10,6,0,16,1068,384,Pilot                                             ,42,6
1070,2,0,Nav       ,2024-10-08 11:00:06.950,3,6,3,0,9,1070,385,Nav                                               ,41,7
1071,0,0,Pilot     ,2024-10-08 11:00:06.967,0,6,3,0,9,1071,385,Pilot                                             ,42,7
1076,0,1,Nav       ,2024-10-08 14:08:49.673,7,8,7,4,11,1076,387,Nav                                               ,43,0
1077,0,0,Pilot     ,2024-10-08 14:08:49.690,0,8,7,4,11,1077,387,Pilot                                             ,44,0
1079,3,1,Nav       ,2024-10-08 14:16:20.903,6,11,6,0,17,1079,388,Nav                                               ,43,1
1080,0,0,Pilot     ,2024-10-08 14:16:20.920,0,11,6,0,17,1080,388,Pilot                                             ,44,1
1082,6,0,Nav       ,2024-10-08 14:23:14.987,7,14,7,4,17,1082,389,Nav                                               ,43,2
1083,0,0,Pilot     ,2024-10-08 14:23:15.000,0,14,7,4,17,1083,389,Pilot                                             ,44,2
1085,5,1,Nav       ,2024-10-08 14:30:01.193,9,15,9,2,22,1085,390,Nav                                               ,43,3
1086,0,0,Pilot     ,2024-10-08 14:30:01.207,0,15,9,2,22,1086,390,Pilot                                             ,44,3
1088,5,0,Nav       ,2024-10-08 14:41:51.993,8,14,8,0,22,1088,391,Nav                                               ,43,4
1089,0,0,Pilot     ,2024-10-08 14:41:52.010,0,14,8,0,22,1089,391,Pilot                                             ,44,4
1091,3,0,Nav       ,2024-10-08 14:48:37.967,11,14,11,2,23,1091,392,Nav                                               ,43,5
1092,0,0,Pilot     ,2024-10-08 14:48:37.980,0,14,11,2,23,1092,392,Pilot                                             ,44,5
1094,4,0,Nav       ,2024-10-08 14:56:00.373,12,17,12,0,29,1094,393,Nav                                               ,43,6
1095,0,0,Pilot     ,2024-10-08 14:56:00.390,0,17,12,0,29,1095,393,Pilot                                             ,44,6
1097,6,0,Nav       ,2024-10-08 15:02:51.870,9,16,9,2,23,1097,394,Nav                                               ,43,7
1098,0,0,Pilot     ,2024-10-08 15:02:51.883,0,16,9,2,23,1098,394,Pilot                                             ,44,7
1103,0,1,Nav       ,2024-10-09 10:27:03.803,3,5,3,0,8,1103,396,Nav                                               ,45,0
1104,0,0,Pilot     ,2024-10-09 10:27:03.817,0,5,3,0,8,1104,396,Pilot                                             ,46,0
1106,0,0,Nav       ,2024-10-09 10:35:28.443,5,5,5,0,10,1106,397,Nav                                               ,45,1
1107,0,0,Pilot     ,2024-10-09 10:35:28.457,0,5,5,0,10,1107,397,Pilot                                             ,46,1
1109,1,0,Nav       ,2024-10-09 10:43:34.867,8,11,8,0,19,1109,398,Nav                                               ,45,2
1110,0,0,Pilot     ,2024-10-09 10:43:34.880,0,11,8,0,19,1110,398,Pilot                                             ,46,2
1112,1,2,Nav       ,2024-10-09 10:51:13.813,6,9,6,0,15,1112,399,Nav                                               ,45,3
1113,0,0,Pilot     ,2024-10-09 10:51:13.830,0,9,6,0,15,1113,399,Pilot                                             ,46,3
1115,1,1,Nav       ,2024-10-09 11:03:46.867,7,10,7,0,17,1115,400,Nav                                               ,45,4
1116,0,0,Pilot     ,2024-10-09 11:03:46.880,0,10,7,0,17,1116,400,Pilot                                             ,46,4
1118,2,2,Nav       ,2024-10-09 11:10:57.967,6,11,6,0,17,1118,401,Nav                                               ,45,5
1119,0,0,Pilot     ,2024-10-09 11:10:57.980,0,11,6,0,17,1119,401,Pilot                                             ,46,5
1121,0,0,Pilot     ,2024-10-09 11:18:15.700,0,7,7,0,14,1121,402,Pilot                                             ,46,6
1122,0,0,Nav       ,2024-10-09 11:18:15.713,7,7,7,0,14,1122,402,Nav                                               ,45,6
1124,0,0,Nav       ,2024-10-09 11:25:09.500,11,11,11,0,22,1124,403,Nav                                               ,45,7
1125,0,0,Pilot     ,2024-10-09 11:25:09.513,0,11,11,0,22,1125,403,Pilot                                             ,46,7
1130,1,1,Nav       ,2024-10-09 14:18:13.673,3,7,3,2,8,1130,405,Nav                                               ,47,0
1131,0,0,Pilot     ,2024-10-09 14:18:13.690,0,7,3,2,8,1131,405,Pilot                                             ,48,0
1133,0,0,Pilot     ,2024-10-09 14:25:44.550,0,9,5,0,14,1133,406,Pilot                                             ,48,1
1134,0,1,Nav       ,2024-10-09 14:25:44.563,5,9,5,0,14,1134,406,Nav                                               ,47,1
1136,2,1,Nav       ,2024-10-09 14:32:27.590,4,9,4,0,13,1136,407,Nav                                               ,47,2
1137,0,0,Pilot     ,2024-10-09 14:32:27.603,0,9,4,0,13,1137,407,Pilot                                             ,48,2
1139,2,0,Nav       ,2024-10-09 14:39:05.157,4,9,4,0,13,1139,408,Nav                                               ,47,3
1140,0,0,Pilot     ,2024-10-09 14:39:05.170,0,9,4,0,13,1140,408,Pilot                                             ,48,3
1142,2,1,Nav       ,2024-10-09 14:51:04.240,5,12,5,0,17,1142,409,Nav                                               ,47,4
1143,0,0,Pilot     ,2024-10-09 14:51:04.257,0,12,5,0,17,1143,409,Pilot                                             ,48,4
1145,0,0,Pilot     ,2024-10-09 14:58:06.400,0,10,6,0,16,1145,410,Pilot                                             ,48,5
1146,1,0,Nav       ,2024-10-09 14:58:06.413,6,10,6,0,16,1146,410,Nav                                               ,47,5
1148,2,1,Nav       ,2024-10-09 15:04:41.830,3,10,3,0,13,1148,411,Nav                                               ,47,6
1149,0,0,Pilot     ,2024-10-09 15:04:41.847,0,10,3,0,13,1149,411,Pilot                                             ,48,6
1151,1,1,Nav       ,2024-10-09 15:11:16.240,6,10,6,0,16,1151,412,Nav                                               ,47,7
1152,0,0,Pilot     ,2024-10-09 15:11:16.253,0,10,6,0,16,1152,412,Pilot                                             ,48,7
1157,0,1,Nav       ,2024-10-10 10:08:24.450,7,9,7,4,12,1157,414,Nav                                               ,49,0
1158,0,0,Pilot     ,2024-10-10 10:08:24.463,0,9,7,4,12,1158,414,Pilot                                             ,50,0
1160,0,1,Nav       ,2024-10-10 10:15:55.873,12,15,12,2,25,1160,415,Nav                                               ,49,1
1161,0,0,Pilot     ,2024-10-10 10:15:55.887,0,15,12,2,25,1161,415,Pilot                                             ,50,1
1163,2,1,Nav       ,2024-10-10 10:22:28.490,11,15,11,2,24,1163,416,Nav                                               ,49,2
1164,0,0,Pilot     ,2024-10-10 10:22:28.507,0,15,11,2,24,1164,416,Pilot                                             ,50,2
1166,1,4,Nav       ,2024-10-10 10:29:12.637,8,15,8,2,21,1166,417,Nav                                               ,49,3
1167,0,0,Pilot     ,2024-10-10 10:29:12.650,0,15,8,2,21,1167,417,Pilot                                             ,50,3
1169,3,2,Nav       ,2024-10-10 10:41:11.010,9,14,9,4,19,1169,418,Nav                                               ,49,4
1170,0,0,Pilot     ,2024-10-10 10:41:11.027,0,14,9,4,19,1170,418,Pilot                                             ,50,4
1172,2,2,Nav       ,2024-10-10 10:47:46.567,9,14,9,0,23,1172,419,Nav                                               ,49,5
1173,0,0,Pilot     ,2024-10-10 10:47:46.580,0,14,9,0,23,1173,419,Pilot                                             ,50,5
1175,2,2,Nav       ,2024-10-10 10:54:07.240,12,19,12,0,31,1175,420,Nav                                               ,49,6
1176,0,0,Pilot     ,2024-10-10 10:54:07.253,0,19,12,0,31,1176,420,Pilot                                             ,50,6
1178,2,1,Nav       ,2024-10-10 11:01:12.263,10,15,10,2,23,1178,421,Nav                                               ,49,7
1179,0,0,Pilot     ,2024-10-10 11:01:12.277,0,15,10,2,23,1179,421,Pilot                                             ,50,7
1187,0,0,Pilot     ,2024-10-10 14:41:28.370,0,4,1,0,5,1187,426,Pilot                                             ,52,1
1188,2,1,Nav       ,2024-10-10 14:41:28.383,1,4,1,0,5,1188,426,Nav                                               ,51,1
1190,1,0,Nav       ,2024-10-10 14:49:07.203,3,4,3,6,1,1190,427,Nav                                               ,51,2
1191,0,0,Pilot     ,2024-10-10 14:49:07.217,0,4,3,6,1,1191,427,Pilot                                             ,52,2
1193,1,0,Nav       ,2024-10-10 14:56:31.367,4,6,4,0,10,1193,428,Nav                                               ,51,3
1194,0,0,Pilot     ,2024-10-10 14:56:31.380,0,6,4,0,10,1194,428,Pilot                                             ,52,3
1196,1,2,Nav       ,2024-10-10 15:08:26.643,1,4,1,2,3,1196,429,Nav                                               ,51,4
1197,0,0,Pilot     ,2024-10-10 15:08:26.660,0,4,1,2,3,1197,429,Pilot                                             ,52,4
1199,4,0,Nav       ,2024-10-10 15:15:25.833,3,8,3,0,11,1199,430,Nav                                               ,51,5
1200,0,0,Pilot     ,2024-10-10 15:15:25.847,0,8,3,0,11,1200,430,Pilot                                             ,52,5
1202,1,1,Nav       ,2024-10-10 15:21:54.257,4,6,4,2,8,1202,431,Nav                                               ,51,6
1203,0,0,Pilot     ,2024-10-10 15:21:54.270,0,6,4,2,8,1203,431,Pilot                                             ,52,6
1205,3,0,Nav       ,2024-10-10 15:28:38.610,4,8,4,0,12,1205,432,Nav                                               ,51,7
1206,0,0,Pilot     ,2024-10-10 15:28:38.627,0,8,4,0,12,1206,432,Pilot                                             ,52,7
1211,2,0,Nav       ,2024-10-11 10:16:28.353,3,5,3,2,6,1211,434,Nav                                               ,53,0
1212,0,0,Pilot     ,2024-10-11 10:16:28.370,0,5,3,2,6,1212,434,Pilot                                             ,54,0
1214,4,0,Nav       ,2024-10-11 10:26:05.933,7,11,7,0,18,1214,435,Nav                                               ,53,1
1215,0,0,Pilot     ,2024-10-11 10:26:05.947,0,11,7,0,18,1215,435,Pilot                                             ,54,1
1217,1,0,Nav       ,2024-10-11 10:32:46.613,12,14,12,0,26,1217,436,Nav                                               ,53,2
1218,0,0,Pilot     ,2024-10-11 10:32:46.627,0,14,12,0,26,1218,436,Pilot                                             ,54,2
1220,3,0,Nav       ,2024-10-11 10:45:24.323,8,12,8,0,20,1220,437,Nav                                               ,53,3
1221,0,0,Pilot     ,2024-10-11 10:45:24.337,0,12,8,0,20,1221,437,Pilot                                             ,54,3
1223,0,0,Pilot     ,2024-10-11 10:51:55.233,0,12,10,0,22,1223,438,Pilot                                             ,54,4
1224,1,0,Nav       ,2024-10-11 10:51:55.247,10,12,10,0,22,1224,438,Nav                                               ,53,4
1226,3,0,Nav       ,2024-10-11 10:58:31.690,8,11,8,2,17,1226,439,Nav                                               ,53,5
1227,0,0,Pilot     ,2024-10-11 10:58:31.700,0,11,8,2,17,1227,439,Pilot                                             ,54,5
1229,6,0,Nav       ,2024-10-11 11:07:03.740,4,11,4,0,15,1229,440,Nav                                               ,53,6
1230,0,0,Pilot     ,2024-10-11 11:07:03.753,0,11,4,0,15,1230,440,Pilot                                             ,54,6
1232,1,2,Nav       ,2024-10-11 11:13:48.180,12,16,12,0,28,1232,441,Nav                                               ,53,7
1233,0,0,Pilot     ,2024-10-11 11:13:48.193,0,16,12,0,28,1233,441,Pilot                                             ,54,7
1238,1,2,Nav       ,2024-10-11 14:10:39.557,4,7,4,0,11,1238,443,Nav                                               ,55,0
1239,0,0,Pilot     ,2024-10-11 14:10:39.570,0,7,4,0,11,1239,443,Pilot                                             ,56,0
1241,0,0,Nav       ,2024-10-11 14:18:17.953,7,7,7,0,14,1241,444,Nav                                               ,55,1
1242,0,0,Pilot     ,2024-10-11 14:18:17.967,0,7,7,0,14,1242,444,Pilot                                             ,56,1
1244,2,5,Nav       ,2024-10-11 14:24:47.963,3,10,3,0,13,1244,445,Nav                                               ,55,2
1245,0,0,Pilot     ,2024-10-11 14:24:47.980,0,10,3,0,13,1245,445,Pilot                                             ,56,2
1247,4,0,Nav       ,2024-10-11 14:31:41.213,5,9,5,0,14,1247,446,Nav                                               ,55,3
1248,0,0,Pilot     ,2024-10-11 14:31:41.227,0,9,5,0,14,1248,446,Pilot                                             ,56,3
1250,2,0,Nav       ,2024-10-11 14:43:32.600,8,10,8,0,18,1250,447,Nav                                               ,55,4
1251,0,0,Pilot     ,2024-10-11 14:43:32.617,0,10,8,0,18,1251,447,Pilot                                             ,56,4
1253,5,0,Nav       ,2024-10-11 14:50:18.067,8,17,8,0,25,1253,448,Nav                                               ,55,5
1254,0,0,Pilot     ,2024-10-11 14:50:18.083,0,17,8,0,25,1254,448,Pilot                                             ,56,5
1256,2,2,Nav       ,2024-10-11 14:57:17.530,3,9,3,2,10,1256,449,Nav                                               ,55,6
1257,0,0,Pilot     ,2024-10-11 14:57:17.543,0,9,3,2,10,1257,449,Pilot                                             ,56,6
1259,8,0,Nav       ,2024-10-11 15:04:06.770,4,13,4,2,15,1259,450,Nav                                               ,55,7
1260,0,0,Pilot     ,2024-10-11 15:04:06.783,0,13,4,2,15,1260,450,Pilot                                             ,56,7
1328,0,1,Pilot     ,2024-12-03 14:30:21.350,0,7,3,2,8,1328,475,Pilot                                             ,58,0
1327,1,1,Nav       ,2024-12-03 14:30:21.367,3,7,3,2,8,1327,475,Nav                                               ,57,0
1330,1,1,Nav       ,2024-12-03 14:38:13.650,4,7,4,2,9,1330,476,Nav                                               ,57,1
1331,0,0,Pilot     ,2024-12-03 14:38:13.667,0,7,4,2,9,1331,476,Pilot                                             ,58,1
1334,0,0,Pilot     ,2024-12-03 14:52:54.533,0,10,5,2,13,1334,478,Pilot                                             ,58,2
1335,3,2,Nav       ,2024-12-03 14:52:54.550,5,10,5,2,13,1335,478,Nav                                               ,57,2
1337,0,2,Nav       ,2024-12-03 14:59:45.647,6,9,6,2,13,1337,479,Nav                                               ,57,3
1338,0,0,Pilot     ,2024-12-03 14:59:45.663,0,9,6,2,13,1338,479,Pilot                                             ,58,3
1340,2,3,Nav       ,2024-12-03 15:13:32.677,6,12,6,0,18,1340,480,Nav                                               ,57,4
1341,0,0,Pilot     ,2024-12-03 15:13:32.690,0,12,6,0,18,1341,480,Pilot                                             ,58,4
1343,3,0,Nav       ,2024-12-03 15:20:11.497,7,11,7,4,14,1343,481,Nav                                               ,57,5
1344,0,0,Pilot     ,2024-12-03 15:20:11.513,0,11,7,4,14,1344,481,Pilot                                             ,58,5
1346,0,0,Pilot     ,2024-12-03 15:28:48.650,0,13,11,4,20,1346,482,Pilot                                             ,58,6
1347,0,0,Nav       ,2024-12-03 15:28:48.670,11,13,11,4,20,1347,482,Nav                                               ,57,6
1349,0,0,Pilot     ,2024-12-03 15:35:17.400,0,10,3,0,13,1349,483,Pilot                                             ,58,7
1350,2,3,Nav       ,2024-12-03 15:35:17.417,3,10,3,0,13,1350,483,Nav                                               ,57,7
1355,3,3,Nav       ,2024-12-11 11:21:04.163,1,7,1,0,8,1355,485,Nav                                               ,59,0
1356,0,0,Pilot     ,2024-12-11 11:21:04.177,0,7,1,0,8,1356,485,Pilot                                             ,60,0
1358,3,1,Nav       ,2024-12-11 11:28:39.647,5,9,5,0,14,1358,486,Nav                                               ,59,1
1359,0,0,Pilot     ,2024-12-11 11:28:39.660,0,9,5,0,14,1359,486,Pilot                                             ,60,1
1361,1,0,Nav       ,2024-12-11 11:35:22.767,9,10,9,0,19,1361,487,Nav                                               ,59,2
1362,0,0,Pilot     ,2024-12-11 11:35:22.780,0,10,9,0,19,1362,487,Pilot                                             ,60,2
1364,3,2,Nav       ,2024-12-11 11:42:10.057,5,11,5,0,16,1364,488,Nav                                               ,59,3
1365,0,0,Pilot     ,2024-12-11 11:42:10.070,0,11,5,0,16,1365,488,Pilot                                             ,60,3
1367,1,0,Nav       ,2024-12-11 11:54:17.590,11,12,11,2,21,1367,489,Nav                                               ,59,4
1368,0,0,Pilot     ,2024-12-11 11:54:17.603,0,12,11,2,21,1368,489,Pilot                                             ,60,4
1370,4,2,Nav       ,2024-12-11 12:00:45.257,4,11,4,0,15,1370,490,Nav                                               ,59,5
1371,0,0,Pilot     ,2024-12-11 12:00:45.270,0,11,4,0,15,1371,490,Pilot                                             ,60,5
1373,1,4,Nav       ,2024-12-11 12:07:20.450,6,12,6,0,18,1373,491,Nav                                               ,59,6
1374,0,0,Pilot     ,2024-12-11 12:07:20.463,0,12,6,0,18,1374,491,Pilot                                             ,60,6
1376,1,0,Nav       ,2024-12-11 12:13:42.910,10,12,10,0,22,1376,492,Nav                                               ,59,7
1377,0,0,Pilot     ,2024-12-11 12:13:42.927,0,12,10,0,22,1377,492,Pilot                                             ,60,7
1382,1,2,Nav       ,2024-12-11 14:15:20.383,2,7,2,0,9,1382,494,Nav                                               ,61,0
1383,0,2,Pilot     ,2024-12-11 14:15:20.400,0,7,2,0,9,1383,494,Pilot                                             ,62,0
1385,0,0,Pilot     ,2024-12-11 14:23:01.040,0,7,1,0,8,1385,495,Pilot                                             ,62,1
1386,5,1,Nav       ,2024-12-11 14:23:01.053,1,7,1,0,8,1386,495,Nav                                               ,61,1
1388,0,1,Pilot     ,2024-12-11 14:29:48.000,0,8,2,2,8,1388,496,Pilot                                             ,62,2
1389,3,2,Nav       ,2024-12-11 14:29:48.017,2,8,2,2,8,1389,496,Nav                                               ,61,2
1391,0,1,Pilot     ,2024-12-11 14:36:17.350,0,8,2,0,10,1391,497,Pilot                                             ,62,3
1392,3,1,Nav       ,2024-12-11 14:36:17.363,2,8,2,0,10,1392,497,Nav                                               ,61,3
1394,0,0,Pilot     ,2024-12-11 14:54:38.043,0,10,6,2,14,1394,498,Pilot                                             ,62,4
1395,0,3,Nav       ,2024-12-11 14:54:38.057,6,10,6,2,14,1395,498,Nav                                               ,61,4
1397,0,0,Pilot     ,2024-12-11 15:01:01.923,0,9,7,0,16,1397,499,Pilot                                             ,62,5
1398,0,1,Nav       ,2024-12-11 15:01:01.937,7,9,7,0,16,1398,499,Nav                                               ,61,5
1400,0,0,Pilot     ,2024-12-11 15:07:38.880,0,9,7,2,14,1400,500,Pilot                                             ,62,6
1401,0,1,Nav       ,2024-12-11 15:07:38.897,7,9,7,2,14,1401,500,Nav                                               ,61,6
1403,1,1,Nav       ,2024-12-11 15:19:17.243,5,9,5,2,12,1403,501,Nav                                               ,61,7
1404,0,0,Pilot     ,2024-12-11 15:19:17.260,0,9,5,2,12,1404,501,Pilot                                             ,62,7
1434,2,0,Nav       ,2025-01-16 15:29:09.733,12,16,12,2,26,1434,518,Nav                                               ,63,0
1435,0,0,Pilot     ,2025-01-16 15:29:09.750,0,16,12,2,26,1435,518,Pilot                                             ,64,0
1437,1,0,Nav       ,2025-01-16 15:36:39.153,12,17,12,6,23,1437,519,Nav                                               ,63,1
1438,0,0,Pilot     ,2025-01-16 15:36:39.167,0,17,12,6,23,1438,519,Pilot                                             ,64,1
1440,4,1,Nav       ,2025-01-16 15:45:25.490,11,18,11,2,27,1440,520,Nav                                               ,63,2
1441,0,0,Pilot     ,2025-01-16 15:45:25.503,0,18,11,2,27,1441,520,Pilot                                             ,64,2
1443,0,2,Nav       ,2025-01-16 15:52:56.460,13,16,13,12,17,1443,521,Nav                                               ,63,3
1444,0,0,Pilot     ,2025-01-16 15:52:56.473,0,16,13,12,17,1444,521,Pilot                                             ,64,3
1446,1,1,Nav       ,2025-01-16 16:05:51.493,12,17,12,2,27,1446,522,Nav                                               ,63,4
1447,0,0,Pilot     ,2025-01-16 16:05:51.507,0,17,12,2,27,1447,522,Pilot                                             ,64,4
1449,0,0,Pilot     ,2025-01-16 16:12:24.673,0,18,15,8,25,1449,523,Pilot                                             ,64,5
1450,1,0,Nav       ,2025-01-16 16:12:24.687,15,18,15,8,25,1450,523,Nav                                               ,63,5
1452,0,0,Pilot     ,2025-01-16 16:18:47.167,0,22,20,2,40,1452,524,Pilot                                             ,64,6
1453,1,0,Nav       ,2025-01-16 16:18:47.180,20,22,20,2,40,1453,524,Nav                                               ,63,6
1456,0,0,Pilot     ,2025-01-16 16:25:09.747,0,19,12,8,23,1456,525,Pilot                                             ,64,7
1455,5,0,Nav       ,2025-01-16 16:25:09.760,12,19,12,8,23,1455,525,Nav                                               ,63,7
1484,0,0,Pilot     ,2025-01-20 15:29:45.677,0,9,9,0,18,1484,536,Pilot                                             ,66,0
1485,0,0,Nav       ,2025-01-20 15:29:45.690,9,9,9,0,18,1485,536,Nav                                               ,65,0
1487,0,0,Pilot     ,2025-01-20 15:37:54.477,0,10,10,0,20,1487,537,Pilot                                             ,66,1
1488,0,0,Nav       ,2025-01-20 15:37:54.490,10,10,10,0,20,1488,537,Nav                                               ,65,1
1490,0,2,Nav       ,2025-01-20 15:44:32.743,7,9,7,0,16,1490,538,Nav                                               ,65,2
1491,0,0,Pilot     ,2025-01-20 15:44:32.757,0,9,7,0,16,1491,538,Pilot                                             ,66,2
1493,1,0,Nav       ,2025-01-20 15:51:05.500,10,11,10,0,21,1493,539,Nav                                               ,65,3
1494,0,0,Pilot     ,2025-01-20 15:51:05.513,0,11,10,0,21,1494,539,Pilot                                             ,66,3
1497,0,0,Pilot     ,2025-01-20 16:02:45.453,0,12,11,0,23,1497,540,Pilot                                             ,66,4
1496,1,0,Nav       ,2025-01-20 16:02:45.470,11,12,11,0,23,1496,540,Nav                                               ,65,4
1499,1,0,Nav       ,2025-01-20 16:10:43.280,10,12,10,0,22,1499,541,Nav                                               ,65,5
1500,0,0,Pilot     ,2025-01-20 16:10:43.297,0,12,10,0,22,1500,541,Pilot                                             ,66,5
1502,0,0,Pilot     ,2025-01-20 16:17:40.773,0,16,15,0,31,1502,542,Pilot                                             ,66,6
1503,0,0,Nav       ,2025-01-20 16:17:40.790,15,16,15,0,31,1503,542,Nav                                               ,65,6
1505,0,0,Nav       ,2025-01-20 16:24:27.147,11,11,11,0,22,1505,543,Nav                                               ,65,7
1506,0,0,Pilot     ,2025-01-20 16:24:27.160,0,11,11,0,22,1506,543,Pilot                                             ,66,7
1511,1,2,Nav       ,2025-02-03 11:18:38.760,1,4,1,2,3,1511,545,Nav                                               ,67,0
1512,0,0,Pilot     ,2025-02-03 11:18:38.777,0,4,1,2,3,1512,545,Pilot                                             ,68,0
1514,0,0,Pilot     ,2025-02-03 11:26:30.303,0,7,4,0,11,1514,546,Pilot                                             ,68,1
1515,1,2,Nav       ,2025-02-03 11:26:30.317,4,7,4,0,11,1515,546,Nav                                               ,67,1
1517,1,2,Nav       ,2025-02-03 11:33:31.017,3,7,3,0,10,1517,547,Nav                                               ,67,2
1518,0,0,Pilot     ,2025-02-03 11:33:31.030,0,7,3,0,10,1518,547,Pilot                                             ,68,2
1520,0,2,Nav       ,2025-02-03 11:40:26.010,5,9,5,0,14,1520,548,Nav                                               ,67,3
1521,0,0,Pilot     ,2025-02-03 11:40:26.023,0,9,5,0,14,1521,548,Pilot                                             ,68,3
1523,1,1,Nav       ,2025-02-03 11:52:42.217,5,8,5,2,11,1523,549,Nav                                               ,67,4
1524,0,0,Pilot     ,2025-02-03 11:52:42.237,0,8,5,2,11,1524,549,Pilot                                             ,68,4
1526,0,0,Pilot     ,2025-02-03 11:59:35.023,0,9,5,2,12,1526,550,Pilot                                             ,68,5
1527,1,1,Nav       ,2025-02-03 11:59:35.037,5,9,5,2,12,1527,550,Nav                                               ,67,5
1529,0,0,Pilot     ,2025-02-03 12:06:12.983,0,11,7,0,18,1529,551,Pilot                                             ,68,6
1530,0,3,Nav       ,2025-02-03 12:06:13.000,7,11,7,0,18,1530,551,Nav                                               ,67,6
1532,0,0,Pilot     ,2025-02-03 12:12:38.800,0,10,6,0,16,1532,552,Pilot                                             ,68,7
1533,0,4,Nav       ,2025-02-03 12:12:38.813,6,10,6,0,16,1533,552,Nav                                               ,67,7
1538,0,0,Pilot     ,2025-02-03 15:53:08.223,0,4,0,0,4,1538,554,Pilot                                             ,70,0
1539,0,4,Nav       ,2025-02-03 15:53:08.240,0,4,0,0,4,1539,554,Nav                                               ,69,0
1541,0,0,Pilot     ,2025-02-03 16:02:15.393,0,5,0,0,5,1541,555,Pilot                                             ,70,1
1542,1,3,Nav       ,2025-02-03 16:02:15.410,0,5,0,0,5,1542,555,Nav                                               ,69,1
1544,0,1,Pilot     ,2025-02-03 16:09:03.260,0,8,2,0,10,1544,556,Pilot                                             ,70,2
1545,2,1,Nav       ,2025-02-03 16:09:03.277,2,8,2,0,10,1545,556,Nav                                               ,69,2
1547,0,0,Pilot     ,2025-02-03 16:15:35.230,3,9,4,0,13,1547,557,Pilot                                             ,70,3
1548,3,2,Nav       ,2025-02-03 16:15:35.247,1,9,4,0,13,1548,557,Nav                                               ,69,3
1550,0,2,Pilot     ,2025-02-03 16:27:18.223,4,11,8,0,19,1550,558,Pilot                                             ,70,4
1551,1,0,Nav       ,2025-02-03 16:27:18.240,4,11,8,0,19,1551,558,Nav                                               ,69,4
1553,0,1,Nav       ,2025-02-03 16:33:25.270,4,9,5,2,12,1553,559,Nav                                               ,69,5
1554,0,1,Pilot     ,2025-02-03 16:33:25.287,1,9,5,2,12,1554,559,Pilot                                             ,70,5
1556,2,2,Nav       ,2025-02-03 16:40:14.763,2,11,5,0,16,1556,560,Nav                                               ,69,6
1557,1,0,Pilot     ,2025-02-03 16:40:14.780,3,11,5,0,16,1557,560,Pilot                                             ,70,6
1560,3,0,Nav       ,2025-02-03 16:52:38.390,5,12,7,0,19,1560,562,Nav                                               ,69,7
1561,1,1,Pilot     ,2025-02-03 16:52:38.403,2,12,7,0,19,1561,562,Pilot                                             ,70,7
1566,0,2,Nav       ,2025-02-04 11:23:23.360,3,7,3,4,6,1566,564,Nav                                               ,71,0
1567,0,0,Pilot     ,2025-02-04 11:23:23.373,0,7,3,4,6,1567,564,Pilot                                             ,72,0
1569,0,0,Pilot     ,2025-02-04 11:30:31.123,0,9,4,0,13,1569,565,Pilot                                             ,72,1
1570,0,3,Nav       ,2025-02-04 11:30:31.137,4,9,4,0,13,1570,565,Nav                                               ,71,1
1572,5,0,Nav       ,2025-02-04 11:37:13.693,6,11,6,0,17,1572,566,Nav                                               ,71,2
1573,0,0,Pilot     ,2025-02-04 11:37:13.707,0,11,6,0,17,1573,566,Pilot                                             ,72,2
1575,3,2,Nav       ,2025-02-04 11:43:54.490,4,12,4,4,12,1575,567,Nav                                               ,71,3
1576,0,0,Pilot     ,2025-02-04 11:43:54.503,0,12,4,4,12,1576,567,Pilot                                             ,72,3
1578,4,2,Nav       ,2025-02-04 11:55:31.290,5,12,5,0,17,1578,568,Nav                                               ,71,4
1579,0,0,Pilot     ,2025-02-04 11:55:31.307,0,12,5,0,17,1579,568,Pilot                                             ,72,4
1581,2,1,Nav       ,2025-02-04 12:02:06.220,8,13,8,2,19,1581,569,Nav                                               ,71,5
1582,0,0,Pilot     ,2025-02-04 12:02:06.233,0,13,8,2,19,1582,569,Pilot                                             ,72,5
1584,2,3,Nav       ,2025-02-04 12:08:35.720,4,13,4,2,15,1584,570,Nav                                               ,71,6
1585,0,0,Pilot     ,2025-02-04 12:08:35.733,0,13,4,2,15,1585,570,Pilot                                             ,72,6
1587,2,2,Nav       ,2025-02-04 12:15:00.543,6,13,6,6,13,1587,571,Nav                                               ,71,7
1588,0,0,Pilot     ,2025-02-04 12:15:00.557,0,13,6,6,13,1588,571,Pilot                                             ,72,7
1594,3,1,Nav       ,2025-02-04 15:29:56.760,2,6,2,2,6,1594,574,Nav                                               ,73,0
1595,0,0,Pilot     ,2025-02-04 15:29:56.777,0,6,2,2,6,1595,574,Pilot                                             ,74,0
1597,2,0,Nav       ,2025-02-04 15:38:35.810,3,5,3,0,8,1597,575,Nav                                               ,73,1
1598,0,0,Pilot     ,2025-02-04 15:38:35.827,0,5,3,0,8,1598,575,Pilot                                             ,74,1
1600,3,0,Nav       ,2025-02-04 15:45:32.173,3,6,3,0,9,1600,576,Nav                                               ,73,2
1601,0,0,Pilot     ,2025-02-04 15:45:32.190,0,6,3,0,9,1601,576,Pilot                                             ,74,2
1603,1,2,Nav       ,2025-02-04 15:52:10.190,3,6,3,0,9,1603,577,Nav                                               ,73,3
1604,0,0,Pilot     ,2025-02-04 15:52:10.207,0,6,3,0,9,1604,577,Pilot                                             ,74,3
1606,2,0,Nav       ,2025-02-04 16:04:53.470,4,6,4,0,10,1606,578,Nav                                               ,73,4
1607,0,0,Pilot     ,2025-02-04 16:04:53.483,0,6,4,0,10,1607,578,Pilot                                             ,74,4
1609,2,0,Nav       ,2025-02-04 16:11:36.140,5,8,5,0,13,1609,579,Nav                                               ,73,5
1610,0,0,Pilot     ,2025-02-04 16:11:36.160,0,8,5,0,13,1610,579,Pilot                                             ,74,5
1612,0,1,Nav       ,2025-02-04 16:22:34.390,5,6,5,0,11,1612,580,Nav                                               ,73,6
1613,0,0,Pilot     ,2025-02-04 16:22:34.403,0,6,5,0,11,1613,580,Pilot                                             ,74,6
1615,1,2,Nav       ,2025-02-04 16:29:32.237,7,11,7,0,18,1615,581,Nav                                               ,73,7
1616,0,0,Pilot     ,2025-02-04 16:29:32.250,0,11,7,0,18,1616,581,Pilot                                             ,74,7
1622,0,4,Nav       ,2025-02-06 15:22:01.400,0,5,0,0,5,1622,584,Nav                                               ,75,0
1623,0,0,Pilot     ,2025-02-06 15:22:01.413,0,5,0,0,5,1623,584,Pilot                                             ,76,0
1625,0,1,Nav       ,2025-02-06 15:30:28.533,0,6,0,0,6,1625,585,Nav                                               ,75,1
1626,0,0,Pilot     ,2025-02-06 15:30:28.550,0,6,0,0,6,1626,585,Pilot                                             ,76,1
1628,0,4,Nav       ,2025-02-06 15:37:45.073,0,6,0,0,6,1628,586,Nav                                               ,75,2
1629,0,0,Pilot     ,2025-02-06 15:37:45.090,0,6,0,0,6,1629,586,Pilot                                             ,76,2
1631,1,0,Nav       ,2025-02-06 15:47:01.420,2,6,2,0,8,1631,587,Nav                                               ,75,3
1632,0,0,Pilot     ,2025-02-06 15:47:01.430,0,6,2,0,8,1632,587,Pilot                                             ,76,3
1637,1,2,Nav       ,2025-02-06 16:01:33.140,3,7,3,0,10,1637,589,Nav                                               ,75,4
1638,0,0,Pilot     ,2025-02-06 16:01:33.160,0,7,3,0,10,1638,589,Pilot                                             ,76,4
1640,0,1,Nav       ,2025-02-06 16:09:04.740,4,10,4,2,12,1640,590,Nav                                               ,75,5
1641,0,2,Pilot     ,2025-02-06 16:09:04.753,0,10,4,2,12,1641,590,Pilot                                             ,76,5
1643,2,1,Nav       ,2025-02-06 16:15:41.123,4,8,4,0,12,1643,591,Nav                                               ,75,6
1644,0,0,Pilot     ,2025-02-06 16:15:41.140,0,8,4,0,12,1644,591,Pilot                                             ,76,6
1646,0,1,Nav       ,2025-02-06 16:22:21.893,6,11,6,0,17,1646,592,Nav                                               ,75,7
1647,0,1,Pilot     ,2025-02-06 16:22:21.910,0,11,6,0,17,1647,592,Pilot                                             ,76,7
1652,0,0,Pilot     ,2025-02-07 11:15:03.040,0,4,1,0,5,1652,594,Pilot                                             ,78,0
1653,1,2,Nav       ,2025-02-07 11:15:03.057,1,4,1,0,5,1653,594,Nav                                               ,77,0
1655,0,0,Pilot     ,2025-02-07 11:22:27.270,0,7,0,0,7,1655,595,Pilot                                             ,78,1
1656,2,2,Nav       ,2025-02-07 11:22:27.287,0,7,0,0,7,1656,595,Nav                                               ,77,1
1658,0,0,Pilot     ,2025-02-07 11:29:46.107,0,7,2,2,7,1658,596,Pilot                                             ,78,2
1659,2,2,Nav       ,2025-02-07 11:29:46.120,2,7,2,2,7,1659,596,Nav                                               ,77,2
1661,0,0,Pilot     ,2025-02-07 11:36:19.363,0,7,5,0,12,1661,597,Pilot                                             ,78,3
1662,2,0,Nav       ,2025-02-07 11:36:19.377,5,7,5,0,12,1662,597,Nav                                               ,77,3
1665,0,0,Pilot     ,2025-02-07 11:48:23.630,0,8,2,0,10,1665,598,Pilot                                             ,78,4
1664,4,1,Nav       ,2025-02-07 11:48:23.643,2,8,2,0,10,1664,598,Nav                                               ,77,4
1667,0,0,Pilot     ,2025-02-07 11:55:33.363,0,9,3,0,12,1667,599,Pilot                                             ,78,5
1668,4,2,Nav       ,2025-02-07 11:55:33.380,3,9,3,0,12,1668,599,Nav                                               ,77,5
1670,0,0,Pilot     ,2025-02-07 12:02:25.613,0,8,3,0,11,1670,600,Pilot                                             ,78,6
1671,2,1,Nav       ,2025-02-07 12:02:25.627,3,8,3,0,11,1671,600,Nav                                               ,77,6
1674,3,0,Nav       ,2025-02-07 12:09:23.550,5,8,5,0,13,1674,601,Nav                                               ,77,7
1673,0,0,Pilot     ,2025-02-07 12:09:23.567,0,8,5,0,13,1673,601,Pilot                                             ,78,7
1684,2,2,Nav       ,2025-02-11 15:14:54.220,0,5,0,0,5,1684,606,Nav                                               ,79,0
1685,0,0,Pilot     ,2025-02-11 15:14:54.233,0,5,0,0,5,1685,606,Pilot                                             ,80,0
1687,0,0,Pilot     ,2025-02-11 15:23:10.880,0,7,1,0,8,1687,607,Pilot                                             ,80,1
1688,1,4,Nav       ,2025-02-11 15:23:10.897,1,7,1,0,8,1688,607,Nav                                               ,79,1
1690,0,0,Pilot     ,2025-02-11 15:31:53.147,0,7,2,0,9,1690,608,Pilot                                             ,80,2
1691,1,4,Nav       ,2025-02-11 15:31:53.163,2,7,2,0,9,1691,608,Nav                                               ,79,2
1693,2,1,Nav       ,2025-02-11 15:38:24.963,4,7,4,2,9,1693,609,Nav                                               ,79,3
1694,0,0,Pilot     ,2025-02-11 15:38:24.977,0,7,4,2,9,1694,609,Pilot                                             ,80,3
1696,3,1,Nav       ,2025-02-11 15:50:02.393,2,8,2,2,8,1696,610,Nav                                               ,79,4
1697,0,0,Pilot     ,2025-02-11 15:50:02.410,0,8,2,2,8,1697,610,Pilot                                             ,80,4
1699,4,0,Nav       ,2025-02-11 15:57:15.033,3,7,3,2,8,1699,611,Nav                                               ,79,5
1700,0,0,Pilot     ,2025-02-11 15:57:15.047,0,7,3,2,8,1700,611,Pilot                                             ,80,5
1702,0,0,Pilot     ,2025-02-11 16:03:45.747,0,11,6,0,17,1702,612,Pilot                                             ,80,6
1703,3,1,Nav       ,2025-02-11 16:03:45.760,6,11,6,0,17,1703,612,Nav                                               ,79,6
1705,0,0,Pilot     ,2025-02-11 16:10:22.470,0,7,3,0,10,1705,613,Pilot                                             ,80,7
1706,0,2,Nav       ,2025-02-11 16:10:22.483,3,7,3,0,10,1706,613,Nav                                               ,79,7
1715,0,0,Pilot     ,2025-02-13 13:34:44.780,0,9,6,0,15,1715,618,Pilot                                             ,82,0
1714,0,2,Nav       ,2025-02-13 13:34:44.793,6,9,6,0,15,1714,618,Nav                                               ,81,0
1717,0,2,Nav       ,2025-02-13 13:42:23.200,5,7,5,0,12,1717,619,Nav                                               ,81,1
1718,0,0,Pilot     ,2025-02-13 13:42:23.217,0,7,5,0,12,1718,619,Pilot                                             ,82,1
1720,1,2,Nav       ,2025-02-13 13:49:17.003,8,11,8,0,19,1720,620,Nav                                               ,81,2
1721,0,0,Pilot     ,2025-02-13 13:49:17.017,0,11,8,0,19,1721,620,Pilot                                             ,82,2
1723,2,1,Nav       ,2025-02-13 13:55:47.810,6,9,6,2,13,1723,621,Nav                                               ,81,3
1724,0,0,Pilot     ,2025-02-13 13:55:47.823,0,9,6,2,13,1724,621,Pilot                                             ,82,3
1726,1,0,Nav       ,2025-02-13 14:07:17.587,12,16,12,2,26,1726,622,Nav                                               ,81,4
1727,0,0,Pilot     ,2025-02-13 14:07:17.600,0,16,12,2,26,1727,622,Pilot                                             ,82,4
1729,1,2,Nav       ,2025-02-13 14:13:36.150,9,12,9,2,19,1729,623,Nav                                               ,81,5
1730,0,0,Pilot     ,2025-02-13 14:13:36.163,0,12,9,2,19,1730,623,Pilot                                             ,82,5
1732,0,2,Nav       ,2025-02-13 14:19:55.363,10,13,10,0,23,1732,624,Nav                                               ,81,6
1733,0,0,Pilot     ,2025-02-13 14:19:55.380,0,13,10,0,23,1733,624,Pilot                                             ,82,6
1735,0,0,Pilot     ,2025-02-13 14:28:30.143,0,12,9,0,21,1735,625,Pilot                                             ,82,7
1736,2,1,Nav       ,2025-02-13 14:28:30.157,9,12,9,0,21,1736,625,Nav                                               ,81,7
1742,1,1,Nav       ,2025-02-17 11:22:24.310,2,6,2,0,8,1742,628,Nav                                               ,83,0
1743,0,1,Pilot     ,2025-02-17 11:22:24.330,0,6,2,0,8,1743,628,Pilot                                             ,84,0
1745,0,2,Nav       ,2025-02-17 11:29:20.467,4,8,4,0,12,1745,629,Nav                                               ,83,1
1746,0,0,Pilot     ,2025-02-17 11:29:20.480,0,8,4,0,12,1746,629,Pilot                                             ,84,1
1748,2,2,Nav       ,2025-02-17 11:35:37.757,4,9,4,0,13,1748,630,Nav                                               ,83,2
1749,0,0,Pilot     ,2025-02-17 11:35:37.770,0,9,4,0,13,1749,630,Pilot                                             ,84,2
1751,1,0,Nav       ,2025-02-17 11:42:09.057,9,10,9,0,19,1751,631,Nav                                               ,83,3
1752,0,0,Pilot     ,2025-02-17 11:42:09.070,0,10,9,0,19,1752,631,Pilot                                             ,84,3
1754,2,1,Nav       ,2025-02-17 11:53:22.367,6,10,6,0,16,1754,632,Nav                                               ,83,4
1755,0,0,Pilot     ,2025-02-17 11:53:22.380,0,10,6,0,16,1755,632,Pilot                                             ,84,4
1761,0,0,Pilot     ,2025-02-17 12:03:03.917,0,11,7,0,18,1761,634,Pilot                                             ,84,5
1760,1,1,Nav       ,2025-02-17 12:03:03.933,7,11,7,0,18,1760,634,Nav                                               ,83,5
1763,0,0,Pilot     ,2025-02-17 12:09:13.363,0,8,6,2,12,1763,635,Pilot                                             ,84,6
1764,0,0,Nav       ,2025-02-17 12:09:13.380,6,8,6,2,12,1764,635,Nav                                               ,83,6
1766,0,0,Pilot     ,2025-02-17 12:15:22.447,0,10,7,0,17,1766,636,Pilot                                             ,84,7
1767,1,0,Nav       ,2025-02-17 12:15:22.460,7,10,7,0,17,1767,636,Nav                                               ,83,7
1774,2,2,Nav       ,2025-02-17 15:23:02.183,6,14,6,0,20,1774,639,Nav                                               ,85,0
1773,0,0,Pilot     ,2025-02-17 15:23:02.200,0,14,6,0,20,1773,639,Pilot                                             ,86,0
1776,0,0,Nav       ,2025-02-17 15:30:39.260,9,13,9,4,18,1776,640,Nav                                               ,85,1
1777,0,0,Pilot     ,2025-02-17 15:30:39.273,0,13,9,4,18,1777,640,Pilot                                             ,86,1
1779,2,1,Nav       ,2025-02-17 15:37:38.760,9,14,9,0,23,1779,641,Nav                                               ,85,2
1780,0,0,Pilot     ,2025-02-17 15:37:38.773,0,14,9,0,23,1780,641,Pilot                                             ,86,2
1782,0,1,Nav       ,2025-02-17 15:44:21.700,10,12,10,2,20,1782,642,Nav                                               ,85,3
1783,0,0,Pilot     ,2025-02-17 15:44:21.713,0,12,10,2,20,1783,642,Pilot                                             ,86,3
1786,0,0,Pilot     ,2025-02-17 15:55:58.907,0,15,13,0,28,1786,643,Pilot                                             ,86,4
1785,0,0,Nav       ,2025-02-17 15:55:58.920,13,15,13,0,28,1785,643,Nav                                               ,85,4
1788,2,0,Nav       ,2025-02-17 16:02:30.110,5,10,5,2,13,1788,644,Nav                                               ,85,5
1789,0,0,Pilot     ,2025-02-17 16:02:30.123,0,10,5,2,13,1789,644,Pilot                                             ,86,5
1791,1,1,Nav       ,2025-02-17 16:08:50.487,12,15,12,0,27,1791,645,Nav                                               ,85,6
1792,0,0,Pilot     ,2025-02-17 16:08:50.503,0,15,12,0,27,1792,645,Pilot                                             ,86,6
1794,3,1,Nav       ,2025-02-17 16:15:02.863,8,14,8,0,22,1794,646,Nav                                               ,85,7
1795,0,0,Pilot     ,2025-02-17 16:15:02.880,0,14,8,0,22,1795,646,Pilot                                             ,86,7
1801,1,0,Nav       ,2025-02-18 11:10:19.950,5,7,5,6,6,1801,649,Nav                                               ,87,0
1802,0,1,Pilot     ,2025-02-18 11:10:19.963,0,7,5,6,6,1802,649,Pilot                                             ,88,0
1804,0,1,Pilot     ,2025-02-18 11:17:11.443,0,9,7,2,14,1804,650,Pilot                                             ,88,1
1805,1,0,Nav       ,2025-02-18 11:17:11.460,7,9,7,2,14,1805,650,Nav                                               ,87,1
1807,0,0,Pilot     ,2025-02-18 11:24:23.657,0,17,10,0,27,1807,651,Pilot                                             ,88,2
1808,1,3,Nav       ,2025-02-18 11:24:23.670,10,17,10,0,27,1808,651,Nav                                               ,87,2
1810,3,2,Nav       ,2025-02-18 11:31:02.250,8,16,8,0,24,1810,652,Nav                                               ,87,3
1811,0,0,Pilot     ,2025-02-18 11:31:02.263,0,16,8,0,24,1811,652,Pilot                                             ,88,3
1813,2,3,Nav       ,2025-02-18 11:42:47.710,6,13,6,0,19,1813,653,Nav                                               ,87,4
1814,0,0,Pilot     ,2025-02-18 11:42:47.723,0,13,6,0,19,1814,653,Pilot                                             ,88,4
1816,0,5,Nav       ,2025-02-18 11:49:03.807,10,15,10,4,21,1816,654,Nav                                               ,87,5
1817,0,0,Pilot     ,2025-02-18 11:49:03.823,0,15,10,4,21,1817,654,Pilot                                             ,88,5
1819,2,0,Nav       ,2025-02-18 11:56:05.160,7,10,7,2,15,1819,655,Nav                                               ,87,6
1820,0,0,Pilot     ,2025-02-18 11:56:05.173,0,10,7,2,15,1820,655,Pilot                                             ,88,6
1822,2,3,Nav       ,2025-02-18 12:02:14.240,8,13,8,2,19,1822,656,Nav                                               ,87,7
1823,0,0,Pilot     ,2025-02-18 12:02:14.253,0,13,8,2,19,1823,656,Pilot                                             ,88,7
1828,0,0,Nav       ,2025-02-18 15:25:36.057,0,2,0,2,0,1828,658,Nav                                               ,89,0
1829,0,1,Pilot     ,2025-02-18 15:25:36.070,0,2,0,2,0,1829,658,Pilot                                             ,90,0
1831,0,2,Nav       ,2025-02-18 15:33:55.833,0,3,0,2,1,1831,659,Nav                                               ,89,1
1832,0,1,Pilot     ,2025-02-18 15:33:55.850,0,3,0,2,1,1832,659,Pilot                                             ,90,1
1837,0,5,Nav       ,2025-02-18 15:44:15.260,0,5,0,0,5,1837,661,Nav                                               ,89,2
1838,0,0,Pilot     ,2025-02-18 15:44:15.277,0,5,0,0,5,1838,661,Pilot                                             ,90,2
1840,0,5,Nav       ,2025-02-18 15:51:09.920,0,5,0,0,5,1840,662,Nav                                               ,89,3
1841,0,0,Pilot     ,2025-02-18 15:51:09.937,0,5,0,0,5,1841,662,Pilot                                             ,90,3
1843,1,1,Nav       ,2025-02-18 16:03:09.077,1,4,1,0,5,1843,663,Nav                                               ,89,4
1844,0,0,Pilot     ,2025-02-18 16:03:09.093,0,4,1,0,5,1844,663,Pilot                                             ,90,4
1846,1,3,Nav       ,2025-02-18 16:09:38.143,0,4,0,2,2,1846,664,Nav                                               ,89,5
1847,0,0,Pilot     ,2025-02-18 16:09:38.160,0,4,0,2,2,1847,664,Pilot                                             ,90,5
1849,0,3,Nav       ,2025-02-18 16:16:11.600,1,4,1,0,5,1849,665,Nav                                               ,89,6
1850,0,0,Pilot     ,2025-02-18 16:16:11.620,0,4,1,0,5,1850,665,Pilot                                             ,90,6
1852,0,2,Nav       ,2025-02-18 16:22:42.220,2,4,2,0,6,1852,666,Nav                                               ,89,7
1853,0,0,Pilot     ,2025-02-18 16:22:42.237,0,4,2,0,6,1853,666,Pilot                                             ,90,7
1861,3,1,Nav       ,2025-02-20 11:12:05.950,4,10,4,2,12,1861,669,Nav                                               ,91,0
1862,0,0,Pilot     ,2025-02-20 11:12:05.963,0,10,4,2,12,1862,669,Pilot                                             ,92,0
1864,3,1,Nav       ,2025-02-20 11:19:27.567,3,8,3,2,9,1864,670,Nav                                               ,91,1
1865,0,0,Pilot     ,2025-02-20 11:19:27.580,0,8,3,2,9,1865,670,Pilot                                             ,92,1
1867,3,0,Nav       ,2025-02-20 11:26:03.743,7,12,7,0,19,1867,671,Nav                                               ,91,2
1868,0,0,Pilot     ,2025-02-20 11:26:03.760,0,12,7,0,19,1868,671,Pilot                                             ,92,2
1870,4,0,Nav       ,2025-02-20 11:33:11.527,8,14,8,2,20,1870,672,Nav                                               ,91,3
1871,0,0,Pilot     ,2025-02-20 11:33:11.540,0,14,8,2,20,1871,672,Pilot                                             ,92,3
1873,1,0,Nav       ,2025-02-20 11:44:41.217,10,12,10,0,22,1873,673,Nav                                               ,91,4
1874,0,0,Pilot     ,2025-02-20 11:44:41.230,0,12,10,0,22,1874,673,Pilot                                             ,92,4
1876,0,0,Pilot     ,2025-02-20 11:51:07.120,0,15,8,0,23,1876,674,Pilot                                             ,92,5
1877,3,1,Nav       ,2025-02-20 11:51:07.137,8,15,8,0,23,1877,674,Nav                                               ,91,5
1879,0,0,Pilot     ,2025-02-20 11:57:32.017,0,16,10,0,26,1879,675,Pilot                                             ,92,6
1880,3,2,Nav       ,2025-02-20 11:57:32.030,10,16,10,0,26,1880,675,Nav                                               ,91,6
1885,5,1,Nav       ,2025-02-20 12:06:13.797,7,16,7,0,23,1885,677,Nav                                               ,91,7
1886,0,0,Pilot     ,2025-02-20 12:06:13.810,0,16,7,0,23,1886,677,Pilot                                             ,92,7
1891,0,1,Pilot     ,2025-02-20 15:15:17.743,0,8,1,0,9,1891,679,Pilot                                             ,94,0
1892,0,4,Nav       ,2025-02-20 15:15:17.757,1,8,1,0,9,1892,679,Nav                                               ,93,0
1894,3,4,Nav       ,2025-02-20 15:21:59.620,1,11,1,2,10,1894,680,Nav                                               ,93,1
1895,0,0,Pilot     ,2025-02-20 15:21:59.633,0,11,1,2,10,1895,680,Pilot                                             ,94,1
1897,2,1,Nav       ,2025-02-20 15:28:31.093,1,8,1,0,9,1897,681,Nav                                               ,93,2
1898,0,0,Pilot     ,2025-02-20 15:28:31.110,0,8,1,0,9,1898,681,Pilot                                             ,94,2
1900,1,0,Nav       ,2025-02-20 15:34:45.473,4,9,4,0,13,1900,682,Nav                                               ,93,3
1901,0,0,Pilot     ,2025-02-20 15:34:45.490,0,9,4,0,13,1901,682,Pilot                                             ,94,3
1903,0,0,Pilot     ,2025-02-20 15:46:09.650,0,13,1,0,14,1903,683,Pilot                                             ,94,4
1904,10,0,Nav       ,2025-02-20 15:46:09.667,1,13,1,0,14,1904,683,Nav                                               ,93,4
1906,10,0,Nav       ,2025-02-20 15:54:36.533,0,12,0,0,12,1906,684,Nav                                               ,93,5
1907,0,0,Pilot     ,2025-02-20 15:54:36.550,0,12,0,0,12,1907,684,Pilot                                             ,94,5
1909,10,3,Nav       ,2025-02-20 16:00:48.367,0,16,0,0,16,1909,685,Nav                                               ,93,6
1910,0,0,Pilot     ,2025-02-20 16:00:48.380,0,16,0,0,16,1910,685,Pilot                                             ,94,6
1912,13,1,Nav       ,2025-02-20 16:07:11.183,1,16,1,0,17,1912,686,Nav                                               ,93,7
1913,0,0,Pilot     ,2025-02-20 16:07:11.197,0,16,1,0,17,1913,686,Pilot                                             ,94,7
2918,5,2,Nav       ,2025-02-25 15:46:12.543,0,7,0,0,7,2918,1688,Nav                                               ,95,0
2919,0,0,Pilot     ,2025-02-25 15:46:12.560,0,7,0,0,7,2919,1688,Pilot                                             ,96,0
2921,0,0,Pilot     ,2025-02-25 15:54:21.023,0,9,5,2,12,2921,1689,Pilot                                             ,96,1
2922,2,3,Nav       ,2025-02-25 15:54:21.040,5,9,5,2,12,2922,1689,Nav                                               ,95,1
2924,1,2,Nav       ,2025-02-25 16:01:08.617,6,10,6,2,14,2924,1690,Nav                                               ,95,2
2925,0,0,Pilot     ,2025-02-25 16:01:08.633,0,10,6,2,14,2925,1690,Pilot                                             ,96,2
2927,0,0,Pilot     ,2025-02-25 16:07:55.427,0,11,4,0,15,2927,1691,Pilot                                             ,96,3
2928,2,2,Nav       ,2025-02-25 16:07:55.440,4,11,4,0,15,2928,1691,Nav                                               ,95,3
2930,0,2,Nav       ,2025-02-25 16:19:25.347,3,6,3,2,7,2930,1692,Nav                                               ,95,4
2931,0,0,Pilot     ,2025-02-25 16:19:25.360,0,6,3,2,7,2931,1692,Pilot                                             ,96,4
2933,2,1,Nav       ,2025-02-25 16:25:45.660,6,10,6,0,16,2933,1693,Nav                                               ,95,5
2934,0,0,Pilot     ,2025-02-25 16:25:45.673,0,10,6,0,16,2934,1693,Pilot                                             ,96,5
2936,1,0,Nav       ,2025-02-25 16:32:02.343,8,10,8,2,16,2936,1694,Nav                                               ,95,6
2937,0,0,Pilot     ,2025-02-25 16:32:02.360,0,10,8,2,16,2937,1694,Pilot                                             ,96,6
2939,2,1,Nav       ,2025-02-25 16:38:16.260,10,13,10,0,23,2939,1695,Nav                                               ,95,7
2940,0,0,Pilot     ,2025-02-25 16:38:16.277,0,13,10,0,23,2940,1695,Pilot                                             ,96,7
2949,2,0,Nav       ,2025-02-26 11:11:08.357,5,8,5,0,13,2949,1698,Nav                                               ,97,0
2948,0,0,Pilot     ,2025-02-26 11:11:08.370,0,8,5,0,13,2948,1698,Pilot                                             ,98,0
2951,2,1,Nav       ,2025-02-26 11:17:52.750,5,9,5,0,14,2951,1699,Nav                                               ,97,1
2952,0,0,Pilot     ,2025-02-26 11:17:52.763,0,9,5,0,14,2952,1699,Pilot                                             ,98,1
2954,1,1,Nav       ,2025-02-26 11:24:08.983,6,9,6,6,9,2954,1700,Nav                                               ,97,2
2955,0,0,Pilot     ,2025-02-26 11:24:09.000,0,9,6,6,9,2955,1700,Pilot                                             ,98,2
2957,0,0,Pilot     ,2025-02-26 11:30:26.140,0,10,5,0,15,2957,1701,Pilot                                             ,98,3
2958,0,4,Nav       ,2025-02-26 11:30:26.157,5,10,5,0,15,2958,1701,Nav                                               ,97,3
2960,0,0,Pilot     ,2025-02-26 11:41:49.997,0,10,9,2,17,2960,1702,Pilot                                             ,98,4
2961,0,0,Nav       ,2025-02-26 11:41:50.010,9,10,9,2,17,2961,1702,Nav                                               ,97,4
2963,0,0,Pilot     ,2025-02-26 11:48:00.137,0,13,11,0,24,2963,1703,Pilot                                             ,98,5
2964,0,2,Nav       ,2025-02-26 11:48:00.150,11,13,11,0,24,2964,1703,Nav                                               ,97,5
2966,1,1,Nav       ,2025-02-26 11:54:14.327,8,11,8,0,19,2966,1704,Nav                                               ,97,6
2967,0,0,Pilot     ,2025-02-26 11:54:14.340,0,11,8,0,19,2967,1704,Pilot                                             ,98,6
2969,1,2,Nav       ,2025-02-26 12:00:21.997,8,12,8,0,20,2969,1705,Nav                                               ,97,7
2970,0,0,Pilot     ,2025-02-26 12:00:22.010,0,12,8,0,20,2970,1705,Pilot                                             ,98,7
2975,2,1,Nav       ,2025-02-26 14:31:04.487,4,7,4,0,11,2975,1707,Nav                                               ,99,0
2976,0,0,Pilot     ,2025-02-26 14:31:04.500,0,7,4,0,11,2976,1707,Pilot                                             ,100,0
2978,0,0,Pilot     ,2025-02-26 14:38:46.750,0,9,7,2,14,2978,1708,Pilot                                             ,100,1
2979,0,0,Nav       ,2025-02-26 14:38:46.763,7,9,7,2,14,2979,1708,Nav                                               ,99,1
2981,2,2,Nav       ,2025-02-26 14:45:18.530,5,11,5,0,16,2981,1709,Nav                                               ,99,2
2982,0,0,Pilot     ,2025-02-26 14:45:18.547,0,11,5,0,16,2982,1709,Pilot                                             ,100,2
2984,0,0,Pilot     ,2025-02-26 14:52:25.710,0,12,7,0,19,2984,1710,Pilot                                             ,100,3
2985,0,2,Nav       ,2025-02-26 14:52:25.723,7,12,7,0,19,2985,1710,Nav                                               ,99,3
2987,1,0,Nav       ,2025-02-26 15:04:01.020,8,10,8,2,16,2987,1711,Nav                                               ,99,4
2988,0,0,Pilot     ,2025-02-26 15:04:01.033,0,10,8,2,16,2988,1711,Pilot                                             ,100,4
2990,0,1,Nav       ,2025-02-26 15:12:11.467,11,12,11,0,23,2990,1712,Nav                                               ,99,5
2991,0,0,Pilot     ,2025-02-26 15:12:11.483,0,12,11,0,23,2991,1712,Pilot                                             ,100,5
2993,0,0,Pilot     ,2025-02-26 15:18:57.497,0,13,12,0,25,2993,1713,Pilot                                             ,100,6
2994,1,0,Nav       ,2025-02-26 15:18:57.513,12,13,12,0,25,2994,1713,Nav                                               ,99,6
2996,1,1,Nav       ,2025-02-26 15:25:32.037,9,13,9,0,22,2996,1714,Nav                                               ,99,7
2997,0,0,Pilot     ,2025-02-26 15:25:32.053,0,13,9,0,22,2997,1714,Pilot                                             ,100,7
3003,1,1,Nav       ,2025-02-27 11:36:42.640,4,7,4,0,11,3003,1717,Nav                                               ,101,0
3004,0,0,Pilot     ,2025-02-27 11:36:42.657,0,7,4,0,11,3004,1717,Pilot                                             ,102,0
3006,0,0,Pilot     ,2025-02-27 11:44:03.007,0,9,6,0,15,3006,1718,Pilot                                             ,102,1
3007,0,2,Nav       ,2025-02-27 11:44:03.020,6,9,6,0,15,3007,1718,Nav                                               ,101,1
3009,1,0,Nav       ,2025-02-27 11:50:46.473,6,8,6,2,12,3009,1719,Nav                                               ,101,2
3010,0,0,Pilot     ,2025-02-27 11:50:46.490,0,8,6,2,12,3010,1719,Pilot                                             ,102,2
3012,1,0,Nav       ,2025-02-27 11:57:23.067,8,10,8,0,18,3012,1720,Nav                                               ,101,3
3013,0,0,Pilot     ,2025-02-27 11:57:23.080,0,10,8,0,18,3013,1720,Pilot                                             ,102,3
3015,0,0,Pilot     ,2025-02-27 12:09:11.090,0,6,4,0,10,3015,1721,Pilot                                             ,102,4
3016,0,2,Nav       ,2025-02-27 12:09:11.107,4,6,4,0,10,3016,1721,Nav                                               ,101,4
3018,1,1,Nav       ,2025-02-27 12:15:52.817,5,7,5,4,8,3018,1722,Nav                                               ,101,5
3019,0,0,Pilot     ,2025-02-27 12:15:52.830,0,7,5,4,8,3019,1722,Pilot                                             ,102,5
3021,1,2,Nav       ,2025-02-27 12:22:32.873,5,9,5,0,14,3021,1723,Nav                                               ,101,6
3022,0,0,Pilot     ,2025-02-27 12:22:32.887,0,9,5,0,14,3022,1723,Pilot                                             ,102,6
3024,1,0,Nav       ,2025-02-27 12:28:46.050,9,11,9,0,20,3024,1724,Nav                                               ,101,7
3025,0,0,Pilot     ,2025-02-27 12:28:46.067,0,11,9,0,20,3025,1724,Pilot                                             ,102,7
3030,1,3,Nav       ,2025-02-27 15:41:14.683,2,7,2,2,7,3030,1726,Nav                                               ,103,0
3031,0,0,Pilot     ,2025-02-27 15:41:14.700,0,7,2,2,7,3031,1726,Pilot                                             ,104,0
3033,0,0,Pilot     ,2025-02-27 15:48:32.040,0,11,6,0,17,3033,1727,Pilot                                             ,104,1
3034,1,3,Nav       ,2025-02-27 15:48:32.053,6,11,6,0,17,3034,1727,Nav                                               ,103,1
3036,0,0,Pilot     ,2025-02-27 15:55:23.573,0,12,6,0,18,3036,1728,Pilot                                             ,104,2
3037,3,2,Nav       ,2025-02-27 15:55:23.587,6,12,6,0,18,3037,1728,Nav                                               ,103,2
3039,0,0,Pilot     ,2025-02-27 16:01:46.057,0,11,8,0,19,3039,1729,Pilot                                             ,104,3
3040,1,1,Nav       ,2025-02-27 16:01:46.070,8,11,8,0,19,3040,1729,Nav                                               ,103,3
3043,2,2,Nav       ,2025-02-27 16:13:22.753,5,12,5,2,15,3043,1730,Nav                                               ,103,4
3042,0,0,Pilot     ,2025-02-27 16:13:22.770,0,12,5,2,15,3042,1730,Pilot                                             ,104,4
3045,0,0,Pilot     ,2025-02-27 16:19:47.973,0,10,6,2,14,3045,1731,Pilot                                             ,104,5
3046,2,0,Nav       ,2025-02-27 16:19:47.990,6,10,6,2,14,3046,1731,Nav                                               ,103,5
3048,0,0,Pilot     ,2025-02-27 16:26:05.810,0,11,3,2,12,3048,1732,Pilot                                             ,104,6
3049,4,3,Nav       ,2025-02-27 16:26:05.823,3,11,3,2,12,3049,1732,Nav                                               ,103,6
3051,6,1,Nav       ,2025-02-27 16:32:30.460,6,15,6,0,21,3051,1733,Nav                                               ,103,7
3052,0,0,Pilot     ,2025-02-27 16:32:30.473,0,15,6,0,21,3052,1733,Pilot                                             ,104,7
